{"train_accuracy": 0.8902777777777777, "train_error": 0.4191528285546535, "val_accuracy": 0.8773333333333333, "val_error": 0.5012512874346975, "_timestamp": 1679097818.7133245, "_runtime": 123.12692451477051, "_step": 9, "_wandb": {"runtime": 122}}