{"train_accuracy": 0.8723333333333333, "train_error": 0.5029766309939209, "val_accuracy": 0.8581666666666666, "val_error": 0.5601850423028356, "_timestamp": 1679103159.8824565, "_runtime": 111.86521458625793, "_step": 9, "_wandb": {"runtime": 111}}