{"train_accuracy": 0.842037037037037, "train_error": 0.6284688390928048, "val_accuracy": 0.8315, "val_error": 0.6815037260525223, "_timestamp": 1679088046.8202763, "_runtime": 93.14541435241699, "_step": 4, "_wandb": {"runtime": 92}}