{"train_accuracy": 0.8738333333333334, "train_error": 0.49779968193104285, "val_accuracy": 0.854, "val_error": 0.58151711058115, "_timestamp": 1678532847.4331977, "_runtime": 63.84024977684021, "_step": 9, "_wandb": {"runtime": 62}}