{"train_accuracy": 0.8692592592592593, "train_error": 0.5058844458878291, "val_accuracy": 0.8565, "val_error": 0.5901475974108971, "_timestamp": 1679143509.5098457, "_runtime": 76.09215474128723, "_step": 4, "_wandb": {"runtime": 75}}