{"train_accuracy": 0.8850370370370371, "train_error": 0.44136450359578705, "val_accuracy": 0.878, "val_error": 0.4956023653216714, "_timestamp": 1679147497.687106, "_runtime": 77.78069591522217, "_step": 9, "_wandb": {"runtime": 76}}