{"train_accuracy": 0.8035555555555556, "train_error": 0.2794506429928238, "val_accuracy": 0.785, "val_error": 0.31078174502130135, "_timestamp": 1679133672.883444, "_runtime": 86.0690381526947, "_step": 9, "_wandb": {"runtime": 85}}