{"train_accuracy": 0.8922962962962963, "train_error": 0.4249059146124754, "val_accuracy": 0.8846666666666667, "val_error": 0.47410650463995313, "_timestamp": 1678533271.0433977, "_runtime": 97.40385460853577, "_step": 7, "_wandb": {"runtime": 95}}