{"train_accuracy": 0.8672777777777778, "train_error": 0.537028293543595, "val_accuracy": 0.8631666666666666, "val_error": 0.5609027266258237, "_timestamp": 1679210800.8419635, "_runtime": 107.75532460212708, "_step": 10, "my_conf_mat_id_table": {"_type": "table-file", "sha256": "de691edfa00f96c9a5f6dac394c2f4d81ddb6122724f9cf5719be82ba2d2e5c5", "size": 2933, "artifact_path": "wandb-client-artifact://w8ublco6kuvpgqvou5xk11qjnbnm5nbl7m18zmofzk5e7zd0bvpnu4767lywe75191lxtkhkgkk6md4oqsxe2w11139jnlvga6iax34320jzfivkvm3h8h5mi97qg0is:latest/my_conf_mat_id_table.table.json", "_latest_artifact_path": "wandb-client-artifact://w8ublco6kuvpgqvou5xk11qjnbnm5nbl7m18zmofzk5e7zd0bvpnu4767lywe75191lxtkhkgkk6md4oqsxe2w11139jnlvga6iax34320jzfivkvm3h8h5mi97qg0is:latest/my_conf_mat_id_table.table.json", "path": "media/table/my_conf_mat_id_table_10_de691edfa00f96c9a5f6.table.json", "ncols": 3, "nrows": 100}, "_wandb": {"runtime": 106}}