{"train_accuracy": 0.8256111111111111, "train_error": 0.3073541320804414, "val_accuracy": 0.7968333333333333, "val_error": 0.5896396938272808, "_timestamp": 1679069162.958112, "_runtime": 97.77363705635071, "_step": 4, "_wandb": {"runtime": 103}}