{"train_accuracy": 0.8772777777777778, "train_error": 0.4676204464921812, "val_accuracy": 0.8506666666666667, "val_error": 0.6009626237122561, "_timestamp": 1679098733.746539, "_runtime": 114.69753909111023, "_step": 7, "_wandb": {"runtime": 113}}