{"train_accuracy": 0.8805, "train_error": 0.17502389257853718, "val_accuracy": 0.8616666666666667, "val_error": 0.1972911300807369, "_timestamp": 1679132724.1743937, "_runtime": 95.907559633255, "_step": 7, "_wandb": {"runtime": 94}}