{"train_accuracy": 0.866037037037037, "train_error": 0.5323583527377148, "val_accuracy": 0.861, "val_error": 0.5974396144445404, "_timestamp": 1678159522.759802, "_runtime": 265.6602041721344, "_step": 9, "_wandb": {"runtime": 264}}