{"train_accuracy": 0.9026481481481482, "train_error": 0.3682275953063244, "val_accuracy": 0.8856666666666667, "val_error": 0.47163048759878234, "_timestamp": 1678531842.5297024, "_runtime": 152.522230386734, "_step": 9, "_wandb": {"runtime": 151}}