{"train_accuracy": 0.8915185185185185, "train_error": 0.4234458927833837, "val_accuracy": 0.8596666666666667, "val_error": 0.5627614240880658, "_timestamp": 1679097259.9523165, "_runtime": 139.67797946929932, "_step": 9, "_wandb": {"runtime": 138}}