{"train_accuracy": 0.8346296296296296, "train_error": 0.6742792652144817, "val_accuracy": 0.836, "val_error": 0.6817805818635685, "_timestamp": 1679085616.3954985, "_runtime": 65.5642774105072, "_step": 4, "_wandb": {"runtime": 64}}