{"train_accuracy": 0.8835, "train_error": 0.45898192740462884, "val_accuracy": 0.8788333333333334, "val_error": 0.49287468376602706, "_timestamp": 1678137691.8580503, "_runtime": 145.7293963432312, "_step": 9, "_wandb": {"runtime": 144}}