{"train_accuracy": 0.833925925925926, "train_error": 0.673702774329807, "val_accuracy": 0.831, "val_error": 0.7006626869124508, "_timestamp": 1678174249.73541, "_runtime": 106.78255987167358, "_step": 9, "_wandb": {"runtime": 105}}