{"train_accuracy": 0.8776666666666667, "train_error": 0.4754443266925321, "val_accuracy": 0.8675, "val_error": 0.5179821644298079, "_timestamp": 1678130699.1001694, "_runtime": 167.6908984184265, "_step": 9, "_wandb": {"runtime": 166}}