{"train_accuracy": 0.8705185185185185, "train_error": 0.5315313203094643, "val_accuracy": 0.8676666666666667, "val_error": 0.5572922515074012, "_timestamp": 1678524839.6053877, "_runtime": 90.30121064186096, "_step": 9, "_wandb": {"runtime": 89}}