{"train_accuracy": 0.8862777777777778, "train_error": 0.44698841021073826, "val_accuracy": 0.8633333333333333, "val_error": 0.5413815509034, "_timestamp": 1679100378.4740653, "_runtime": 124.34633541107178, "_step": 9, "_wandb": {"runtime": 123}}