{"train_accuracy": 0.8834814814814815, "train_error": 0.45016080483811904, "val_accuracy": 0.8711666666666666, "val_error": 0.5289266164155837, "_timestamp": 1678170095.4347239, "_runtime": 124.95482683181763, "_step": 9, "_wandb": {"runtime": 124}}