{"train_accuracy": 0.8487962962962963, "train_error": 0.6100066933643244, "val_accuracy": 0.8455, "val_error": 0.6167502280780613, "_timestamp": 1678526414.6320755, "_runtime": 81.48086166381836, "_step": 9, "_wandb": {"runtime": 80}}