{"train_accuracy": 0.8735740740740741, "train_error": 0.4863337406753928, "val_accuracy": 0.857, "val_error": 0.5644947762683747, "_timestamp": 1679093670.4571784, "_runtime": 104.53518724441528, "_step": 7, "_wandb": {"runtime": 103}}