{"train_accuracy": 0.8972592592592593, "train_error": 0.3993137979313864, "val_accuracy": 0.8883333333333333, "val_error": 0.4571472942984459, "_timestamp": 1678535210.34686, "_runtime": 119.63975787162781, "_step": 9, "_wandb": {"runtime": 118}}