{"train_accuracy": 0.8943888888888889, "train_error": 0.4048023685120229, "val_accuracy": 0.8615, "val_error": 0.560777763500189, "_timestamp": 1679088264.8655272, "_runtime": 199.12851524353027, "_step": 9, "_wandb": {"runtime": 198}}