{"train_accuracy": 0.8412037037037037, "train_error": 0.2285681870603886, "val_accuracy": 0.8398333333333333, "val_error": 0.23233302252878393, "_timestamp": 1679075594.9483852, "_runtime": 68.16957020759583, "_step": 4, "_wandb": {"runtime": 67}}