{"train_accuracy": 0.2783333333333333, "train_error": 2.190026422044726, "val_accuracy": 0.2806666666666667, "val_error": 2.176832977519344, "_timestamp": 1678158497.2265239, "_runtime": 207.22928595542908, "_step": 9, "_wandb": {"runtime": 206}}