{"train_accuracy": 0.8803518518518518, "train_error": 0.4682778198192046, "val_accuracy": 0.8725, "val_error": 0.519294020792962, "_timestamp": 1679104277.3832116, "_runtime": 130.63426661491394, "_step": 9, "_wandb": {"runtime": 129}}