{"train_accuracy": 0.8665, "train_error": 0.5376992161595283, "val_accuracy": 0.8643333333333333, "val_error": 0.6040500377593838, "_timestamp": 1679211798.9158258, "_runtime": 67.27419781684875, "_step": 5, "my_conf_mat_id_table": {"_type": "table-file", "sha256": "b416b1c4f800d74767fc910397655adfb7065987417c104b97f03690c895fd84", "size": 2932, "artifact_path": "wandb-client-artifact://64mwetdecusxlav9r2zp9bfs9ntkc9j6euserm45tuuj15bdyhgxtqxwbrtah8u1a1dldnab5g17lkm2ca89dc11ta50yf9h0prcdl8gh1n6eyjuma57nja8k606ukui:latest/my_conf_mat_id_table.table.json", "_latest_artifact_path": "wandb-client-artifact://64mwetdecusxlav9r2zp9bfs9ntkc9j6euserm45tuuj15bdyhgxtqxwbrtah8u1a1dldnab5g17lkm2ca89dc11ta50yf9h0prcdl8gh1n6eyjuma57nja8k606ukui:latest/my_conf_mat_id_table.table.json", "path": "media/table/my_conf_mat_id_table_5_b416b1c4f800d74767fc.table.json", "ncols": 3, "nrows": 100}, "_wandb": {"runtime": 66}}