{"train_accuracy": 0.8789074074074074, "train_error": 0.17596595182716518, "val_accuracy": 0.8746666666666667, "val_error": 0.18791719727081463, "_timestamp": 1679152329.6345377, "_runtime": 211.21216678619385, "_step": 9, "_wandb": {"runtime": 210}}