{"train_accuracy": 0.8352962962962963, "train_error": 0.6624179404119371, "val_accuracy": 0.82, "val_error": 0.7970006793565897, "_timestamp": 1679106128.3997014, "_runtime": 152.73503947257996, "_step": 9, "_wandb": {"runtime": 152}}