{"train_accuracy": 0.8514259259259259, "train_error": 0.6066308315228988, "val_accuracy": 0.8443333333333334, "val_error": 0.6458368486356922, "_timestamp": 1678522455.1104352, "_runtime": 49.14540219306946, "_step": 4, "_wandb": {"runtime": 48}}