{"train_accuracy": 0.8820925925925925, "train_error": 0.46789736073222155, "val_accuracy": 0.8643333333333333, "val_error": 0.5407660831793887, "_timestamp": 1678527866.1438587, "_runtime": 74.85222268104553, "_step": 9, "_wandb": {"runtime": 73}}