{"train_accuracy": 0.8717592592592592, "train_error": 0.5023933082440555, "val_accuracy": 0.8665, "val_error": 0.5222694130660768, "_timestamp": 1678533158.5011215, "_runtime": 71.01815843582153, "_step": 4, "_wandb": {"runtime": 69}}