{"train_accuracy": 0.9005925925925926, "train_error": 0.3871854782249007, "val_accuracy": 0.8803333333333333, "val_error": 0.48698798133875054, "_timestamp": 1679098956.078123, "_runtime": 134.1627960205078, "_step": 7, "_wandb": {"runtime": 133}}