{"train_accuracy": 0.9049074074074074, "train_error": 0.14205321819039293, "val_accuracy": 0.8816666666666667, "val_error": 0.1769400064024312, "_timestamp": 1679166050.8403835, "_runtime": 182.65520763397217, "_step": 10, "my_conf_mat_id_table": {"_type": "table-file", "sha256": "f7fa78123a9075a13ac198930081c9a0ffcb89e389f72c11af9c1291fd497787", "size": 2933, "artifact_path": "wandb-client-artifact://31zrobywsp2tl79bu3fa7cb5f8h157tjdjzhyie1ijy90iey2qlenovkiup1ayxzg4avdlraawcue1o2h0znqm6vvherx79xj05l4xosj4thfdwpdb1242nm6rp6x4s6:latest/my_conf_mat_id_table.table.json", "_latest_artifact_path": "wandb-client-artifact://31zrobywsp2tl79bu3fa7cb5f8h157tjdjzhyie1ijy90iey2qlenovkiup1ayxzg4avdlraawcue1o2h0znqm6vvherx79xj05l4xosj4thfdwpdb1242nm6rp6x4s6:latest/my_conf_mat_id_table.table.json", "path": "media/table/my_conf_mat_id_table_10_f7fa78123a9075a13ac1.table.json", "ncols": 3, "nrows": 100}, "_wandb": {"runtime": 182}}