{"train_accuracy": 0.8138888888888889, "train_error": 0.729530701827591, "val_accuracy": 0.8096666666666666, "val_error": 0.7568150350115636, "_timestamp": 1678161604.7954166, "_runtime": 126.21979570388794, "_step": 9, "_wandb": {"runtime": 125}}