{"train_accuracy": 0.8573703703703703, "train_error": 0.5804135269592353, "val_accuracy": 0.8525, "val_error": 0.5990409046302947, "_timestamp": 1678173288.369384, "_runtime": 146.9392111301422, "_step": 9, "_wandb": {"runtime": 146}}