{"train_accuracy": 0.8836111111111111, "train_error": 0.4503148850924412, "val_accuracy": 0.8598333333333333, "val_error": 0.5471996010453847, "_timestamp": 1679085861.2049236, "_runtime": 150.6082365512848, "_step": 9, "_wandb": {"runtime": 149}}