{"train_accuracy": 0.8597592592592592, "train_error": 0.22259703359636238, "val_accuracy": 0.849, "val_error": 0.24681491843730305, "_timestamp": 1679070915.4862535, "_runtime": 86.28978753089905, "_step": 9, "_wandb": {"runtime": 84}}