{"train_accuracy": 0.8728703703703704, "train_error": 0.5118962440732462, "val_accuracy": 0.8635, "val_error": 0.5461522309275891, "_timestamp": 1678521333.6635916, "_runtime": 91.77401757240295, "_step": 9, "_wandb": {"runtime": 90}}