{"train_accuracy": 0.8691296296296296, "train_error": 0.5219668408063203, "val_accuracy": 0.855, "val_error": 0.5918635385324654, "_timestamp": 1679148489.5484447, "_runtime": 61.24066686630249, "_step": 7, "_wandb": {"runtime": 59}}