{"train_accuracy": 0.8768333333333334, "train_error": 0.4961634819052769, "val_accuracy": 0.8723333333333333, "val_error": 0.5168231222567123, "_timestamp": 1678551657.9447565, "_runtime": 113.15617442131042, "_step": 9, "_wandb": {"runtime": 112}}