{"train_accuracy": 0.8848518518518519, "train_error": 0.4428870884485209, "val_accuracy": 0.8773333333333333, "val_error": 0.49626320540443963, "_timestamp": 1678150002.7593327, "_runtime": 119.88381767272949, "_step": 9, "_wandb": {"runtime": 119}}