{"train_accuracy": 0.8536481481481482, "train_error": 0.5951209780933919, "val_accuracy": 0.852, "val_error": 0.6031745105558385, "_timestamp": 1679107565.18159, "_runtime": 73.6134581565857, "_step": 9, "_wandb": {"runtime": 72}}