{"train_accuracy": 0.8813888888888889, "train_error": 0.46551093606615185, "val_accuracy": 0.874, "val_error": 0.49865658659365236, "_timestamp": 1678165571.0919263, "_runtime": 289.638019323349, "_step": 9, "_wandb": {"runtime": 288}}