{"train_accuracy": 0.8794814814814815, "train_error": 0.4795932149245968, "val_accuracy": 0.8653333333333333, "val_error": 0.5568765036769733, "_timestamp": 1678178410.7262542, "_runtime": 125.93126726150513, "_step": 9, "_wandb": {"runtime": 125}}