{"train_accuracy": 0.8768333333333334, "train_error": 0.4950956860726394, "val_accuracy": 0.874, "val_error": 0.5169012870921369, "_timestamp": 1678532641.3807619, "_runtime": 128.55849194526672, "_step": 9, "_wandb": {"runtime": 127}}