{"train_accuracy": 0.9002777777777777, "train_error": 0.38413837236190956, "val_accuracy": 0.884, "val_error": 0.46730039014217606, "_timestamp": 1678540295.545839, "_runtime": 146.4811041355133, "_step": 9, "_wandb": {"runtime": 145}}