{"train_accuracy": 0.8821296296296296, "train_error": 0.48178647465036406, "val_accuracy": 0.8713333333333333, "val_error": 0.5387405567050327, "_timestamp": 1678170491.4780521, "_runtime": 81.15315818786621, "_step": 9, "_wandb": {"runtime": 80}}