{"train_accuracy": 0.8724074074074074, "train_error": 0.5102993513584761, "val_accuracy": 0.8683333333333333, "val_error": 0.5369068869765099, "_timestamp": 1679093879.1103878, "_runtime": 73.22756576538086, "_step": 7, "_wandb": {"runtime": 72}}