{"train_accuracy": 0.8942407407407408, "train_error": 0.4056499930460754, "val_accuracy": 0.8773333333333333, "val_error": 0.512355633470156, "_timestamp": 1678522691.6188915, "_runtime": 109.14205741882324, "_step": 9, "_wandb": {"runtime": 108}}