{"train_accuracy": 0.8812777777777778, "train_error": 0.4593141584905941, "val_accuracy": 0.8695, "val_error": 0.5581946092311267, "_timestamp": 1679092887.4457798, "_runtime": 109.15356183052063, "_step": 9, "_wandb": {"runtime": 108}}