{"train_accuracy": 0.8875555555555555, "train_error": 0.44598615422081767, "val_accuracy": 0.8798333333333334, "val_error": 0.49251438839739253, "_timestamp": 1679099105.6397433, "_runtime": 134.46084427833557, "_step": 9, "_wandb": {"runtime": 133}}