{"train_accuracy": 0.862574074074074, "train_error": 0.5566602030479068, "val_accuracy": 0.8545, "val_error": 0.603823200758313, "_timestamp": 1678138074.1730638, "_runtime": 162.7039258480072, "_step": 9, "_wandb": {"runtime": 161}}