{"train_accuracy": 0.8763518518518518, "train_error": 0.48613297907187686, "val_accuracy": 0.8693333333333333, "val_error": 0.5244025891648552, "_timestamp": 1679093333.9317725, "_runtime": 98.25522041320801, "_step": 7, "_wandb": {"runtime": 97}}