{"train_accuracy": 0.901537037037037, "train_error": 0.3827489508692089, "val_accuracy": 0.8883333333333333, "val_error": 0.45269534947477624, "_timestamp": 1678524634.6164114, "_runtime": 141.36701440811157, "_step": 9, "_wandb": {"runtime": 140}}