{"train_accuracy": 0.8966666666666666, "train_error": 0.39783955370701135, "val_accuracy": 0.8808333333333334, "val_error": 0.4910936624973728, "_timestamp": 1679113993.2407289, "_runtime": 145.59359979629517, "_step": 7, "_wandb": {"runtime": 144}}