{"train_accuracy": 0.837925925925926, "train_error": 0.2369962630777612, "val_accuracy": 0.8218333333333333, "val_error": 0.2621189815090418, "_timestamp": 1679070726.1126144, "_runtime": 151.3760883808136, "_step": 9, "_wandb": {"runtime": 150}}