{"train_accuracy": 0.8918703703703704, "train_error": 0.4267803337404448, "val_accuracy": 0.8831666666666667, "val_error": 0.4762257076869624, "_timestamp": 1678550992.724967, "_runtime": 90.77551293373108, "_step": 7, "_wandb": {"runtime": 90}}