{"train_accuracy": 0.8850185185185185, "train_error": 0.45104786243455636, "val_accuracy": 0.8628333333333333, "val_error": 0.5591654468461266, "_timestamp": 1679097946.0382197, "_runtime": 112.27964162826538, "_step": 9, "_wandb": {"runtime": 111}}