{"train_accuracy": 0.8363703703703703, "train_error": 0.2980152757668871, "val_accuracy": 0.828, "val_error": 0.3243825181269911, "_timestamp": 1679137066.4831882, "_runtime": 124.35499119758606, "_step": 9, "_wandb": {"runtime": 123}}