{"train_accuracy": 0.8775185185185185, "train_error": 0.4979480251596023, "val_accuracy": 0.874, "val_error": 0.5235333022890553, "_timestamp": 1679144470.9594362, "_runtime": 80.73997712135315, "_step": 9, "_wandb": {"runtime": 79}}