{"train_accuracy": 0.8631111111111112, "train_error": 0.5451650761578769, "val_accuracy": 0.8596666666666667, "val_error": 0.5709320130764871, "_timestamp": 1679213825.5234168, "_runtime": 138.38577580451965, "_step": 8, "my_conf_mat_id_table": {"_type": "table-file", "sha256": "d83dce6d98099e7e88e99f5bcce09ac642b5226f9aefca18e7397a9e8d246868", "size": 2931, "artifact_path": "wandb-client-artifact://dsrq9ldp8v1iav9t6n0iofb62ayog9r39f25r6urcnw9ugx8mnn1e6avagujyzpcqtcbbc76oudhwuqw7hh18b3mxifcd124gh9a64px9wf18wd64k1qpovqakcd9txl:latest/my_conf_mat_id_table.table.json", "_latest_artifact_path": "wandb-client-artifact://dsrq9ldp8v1iav9t6n0iofb62ayog9r39f25r6urcnw9ugx8mnn1e6avagujyzpcqtcbbc76oudhwuqw7hh18b3mxifcd124gh9a64px9wf18wd64k1qpovqakcd9txl:latest/my_conf_mat_id_table.table.json", "path": "media/table/my_conf_mat_id_table_8_d83dce6d98099e7e88e9.table.json", "ncols": 3, "nrows": 100}, "_wandb": {"runtime": 137}}