{"train_accuracy": 0.8978703703703703, "train_error": 0.39235613664986746, "val_accuracy": 0.8835, "val_error": 0.4678305027695911, "_timestamp": 1679149950.3108306, "_runtime": 108.28915357589722, "_step": 7, "_wandb": {"runtime": 105}}