{"train_accuracy": 0.8741481481481481, "train_error": 0.4889141314831287, "val_accuracy": 0.8665, "val_error": 0.5383296886878736, "_timestamp": 1679105959.3203049, "_runtime": 79.89343690872192, "_step": 4, "_wandb": {"runtime": 79}}