{"train_accuracy": 0.13742592592592592, "train_error": 3.1939504488770174, "val_accuracy": 0.14433333333333334, "val_error": 3.184147649112987, "_timestamp": 1678135464.9999866, "_runtime": 100.0779595375061, "_step": 9, "_wandb": {"runtime": 99}}