{"train_accuracy": 0.8563518518518518, "train_error": 0.5658999555995008, "val_accuracy": 0.8336666666666667, "val_error": 0.7163806462139526, "_timestamp": 1679080760.8033102, "_runtime": 104.74838924407959, "_step": 7, "_wandb": {"runtime": 103}}