{"train_accuracy": 0.8811851851851852, "train_error": 0.4738779664869349, "val_accuracy": 0.874, "val_error": 0.5249764783481221, "_timestamp": 1679104630.490496, "_runtime": 78.27160096168518, "_step": 9, "_wandb": {"runtime": 77}}