{"train_accuracy": 0.8817592592592592, "train_error": 0.17061187968523886, "val_accuracy": 0.8743333333333333, "val_error": 0.18147594115933868, "_timestamp": 1679075926.7236054, "_runtime": 130.88349843025208, "_step": 4, "_wandb": {"runtime": 129}}