{"train_accuracy": 0.8570555555555556, "train_error": 0.5848925499110911, "val_accuracy": 0.8251666666666667, "val_error": 0.8720038517393857, "_timestamp": 1679115154.757758, "_runtime": 113.39484095573425, "_step": 7}