{"train_accuracy": 0.8851111111111111, "train_error": 0.4491382899083638, "val_accuracy": 0.8776666666666667, "val_error": 0.49879273853408823, "_timestamp": 1678135980.2884126, "_runtime": 301.63379645347595, "_step": 9, "_wandb": {"runtime": 300}}