{"train_accuracy": 0.8705, "train_error": 0.19084245334208724, "val_accuracy": 0.8513333333333334, "val_error": 0.2218341949813829, "_timestamp": 1679073031.363595, "_runtime": 104.11768889427185, "_step": 4, "_wandb": {"runtime": 103}}