{"train_accuracy": 0.8647592592592592, "train_error": 0.5503632641962302, "val_accuracy": 0.8553333333333333, "val_error": 0.5904881065031817, "_timestamp": 1678148159.3793511, "_runtime": 160.9698030948639, "_step": 9, "_wandb": {"runtime": 160}}