{"train_accuracy": 0.8624814814814815, "train_error": 0.5510297293490983, "val_accuracy": 0.8543333333333333, "val_error": 0.5970789875574206, "_timestamp": 1679082324.3804014, "_runtime": 202.58029627799988, "_step": 9, "_wandb": {"runtime": 201}}