{"train_accuracy": 0.8936481481481482, "train_error": 0.4034958373530156, "val_accuracy": 0.8778333333333334, "val_error": 0.49525953352368884, "_timestamp": 1679088725.7975912, "_runtime": 122.58035826683044, "_step": 9, "_wandb": {"runtime": 121}}