{"train_accuracy": 0.8995185185185185, "train_error": 0.3948026207955781, "val_accuracy": 0.8736666666666667, "val_error": 0.5244090200008028, "_timestamp": 1679108044.8175085, "_runtime": 121.15889954566956, "_step": 9, "_wandb": {"runtime": 120}}