{"train_accuracy": 0.8240185185185185, "train_error": 0.7202112241407438, "val_accuracy": 0.825, "val_error": 0.723201288142605, "_timestamp": 1678535900.2438953, "_runtime": 73.65502429008484, "_step": 9, "_wandb": {"runtime": 72}}