{"train_accuracy": 0.7303888888888889, "train_error": 0.36950940080358613, "val_accuracy": 0.704, "val_error": 0.40677094716046286, "_timestamp": 1679136492.6693263, "_runtime": 122.50139832496643, "_step": 7, "_wandb": {"runtime": 121}}