{"train_accuracy": 0.692037037037037, "train_error": 1.548501559459887, "val_accuracy": 0.6918333333333333, "val_error": 1.558236578499266, "_timestamp": 1678525329.9955916, "_runtime": 99.25191855430603, "_step": 9, "_wandb": {"runtime": 98}}