{"train_accuracy": 0.8735740740740741, "train_error": 0.5030473321420666, "val_accuracy": 0.8688333333333333, "val_error": 0.5447874936570529, "_timestamp": 1678175552.9192145, "_runtime": 309.1798565387726, "_step": 9, "_wandb": {"runtime": 308}}