{"train_accuracy": 0.8619814814814815, "train_error": 0.5428735965104965, "val_accuracy": 0.8506666666666667, "val_error": 0.6219879978631784, "_timestamp": 1679086098.4494622, "_runtime": 98.10464906692505, "_step": 7, "_wandb": {"runtime": 97}}