{"train_accuracy": 0.8688703703703704, "train_error": 0.5122598556062115, "val_accuracy": 0.8618333333333333, "val_error": 0.5653436584722986, "_timestamp": 1678152172.3215444, "_runtime": 129.83812952041626, "_step": 9, "_wandb": {"runtime": 129}}