{"train_accuracy": 0.8815555555555555, "train_error": 0.47313866614680833, "val_accuracy": 0.8738333333333334, "val_error": 0.5064975920899834, "_timestamp": 1678162491.4926453, "_runtime": 121.20775938034058, "_step": 9, "_wandb": {"runtime": 120}}