{"train_accuracy": 0.8553148148148149, "train_error": 0.5868215562397359, "val_accuracy": 0.8566666666666667, "val_error": 0.5999759759181655, "_timestamp": 1679089599.2049096, "_runtime": 57.65039944648743, "_step": 4, "_wandb": {"runtime": 56}}