{"train_accuracy": 0.8852222222222222, "train_error": 0.45606874904878, "val_accuracy": 0.8748333333333334, "val_error": 0.5141768800146074, "_timestamp": 1679112983.7665467, "_runtime": 85.70898771286011, "_step": 9, "_wandb": {"runtime": 84}}