{"train_accuracy": 0.8907222222222222, "train_error": 0.4111640031077209, "val_accuracy": 0.8763333333333333, "val_error": 0.4904523574550362, "_timestamp": 1679109817.1650312, "_runtime": 97.27625107765198, "_step": 9, "_wandb": {"runtime": 96}}