{"train_accuracy": 0.8591296296296296, "train_error": 0.5260123308497325, "val_accuracy": 0.855, "val_error": 0.5853282281767399, "_timestamp": 1678176945.3018334, "_runtime": 198.3221743106842, "_step": 9, "_wandb": {"runtime": 197}}