{"train_accuracy": 0.8722592592592593, "train_error": 0.5104248520055639, "val_accuracy": 0.8665, "val_error": 0.5409128919824604, "_timestamp": 1679091119.9912553, "_runtime": 53.864057302474976, "_step": 4, "_wandb": {"runtime": 53}}