{"train_accuracy": 0.8222407407407407, "train_error": 0.7459095703176044, "val_accuracy": 0.8231666666666667, "val_error": 0.7484047312809101, "_timestamp": 1678523891.3414686, "_runtime": 98.16503667831421, "_step": 9, "_wandb": {"runtime": 97}}