{"train_accuracy": 0.8087037037037037, "train_error": 0.7991720380285494, "val_accuracy": 0.8085, "val_error": 0.8078117001920911, "_timestamp": 1679078807.650833, "_runtime": 65.82157683372498, "_step": 4, "_wandb": {"runtime": 64}}