{"train_accuracy": 0.8661111111111112, "train_error": 0.5418423084069309, "val_accuracy": 0.8638333333333333, "val_error": 0.5552836538088058, "_timestamp": 1679148240.6982477, "_runtime": 68.04678559303284, "_step": 9, "_wandb": {"runtime": 67}}