{"train_accuracy": 0.8733703703703704, "train_error": 0.5077517514026918, "val_accuracy": 0.865, "val_error": 0.5366884948190694, "_timestamp": 1678531158.186485, "_runtime": 151.56840896606445, "_step": 9, "_wandb": {"runtime": 150}}