{"train_accuracy": 0.8906666666666667, "train_error": 0.42340672424305786, "val_accuracy": 0.8766666666666667, "val_error": 0.5043876857882582, "_timestamp": 1679148763.9467936, "_runtime": 144.66062450408936, "_step": 9, "_wandb": {"runtime": 143}}