{"train_accuracy": 0.8673148148148148, "train_error": 0.5464484089823021, "val_accuracy": 0.8651666666666666, "val_error": 0.5716520328412626, "_timestamp": 1679093988.2351794, "_runtime": 91.68926453590393, "_step": 9, "_wandb": {"runtime": 90}}