{"train_accuracy": 0.8785740740740741, "train_error": 0.45330876445988433, "val_accuracy": 0.868, "val_error": 0.5269072792189127, "_timestamp": 1678170392.7483044, "_runtime": 277.94500041007996, "_step": 9, "_wandb": {"runtime": 277}}