{"train_accuracy": 0.8820370370370371, "train_error": 0.4680631878272214, "val_accuracy": 0.879, "val_error": 0.5012021557989597, "_timestamp": 1678132700.1233542, "_runtime": 244.03663516044617, "_step": 9, "_wandb": {"runtime": 242}}