{"train_accuracy": 0.6874074074074074, "train_error": 0.4528271952979889, "val_accuracy": 0.6841666666666667, "val_error": 0.45770665071518235, "_timestamp": 1679069544.6602404, "_runtime": 77.10200047492981, "_step": 9, "_wandb": {"runtime": 76}}