{"train_accuracy": 0.8331481481481482, "train_error": 0.24463139791809052, "val_accuracy": 0.8363333333333334, "val_error": 0.24700491669473942, "_timestamp": 1679075046.6313152, "_runtime": 78.72061419487, "_step": 7, "_wandb": {"runtime": 77}}