{"train_accuracy": 0.8690185185185185, "train_error": 0.5134627897616635, "val_accuracy": 0.8663333333333333, "val_error": 0.5452858893311481, "_timestamp": 1678145914.5290477, "_runtime": 250.92603182792664, "_step": 9, "_wandb": {"runtime": 250}}