{"train_accuracy": 0.8906296296296297, "train_error": 0.42316667314783735, "val_accuracy": 0.8768333333333334, "val_error": 0.4968908386208191, "_timestamp": 1678141327.8734486, "_runtime": 130.3302686214447, "_step": 9, "_wandb": {"runtime": 129}}