{"train_accuracy": 0.8732407407407408, "train_error": 0.5132568044708558, "val_accuracy": 0.8681666666666666, "val_error": 0.5395377252958453, "_timestamp": 1678160956.2556531, "_runtime": 269.8219630718231, "_step": 9, "_wandb": {"runtime": 269}}