{"train_accuracy": 0.8915740740740741, "train_error": 0.16082708085577882, "val_accuracy": 0.8761666666666666, "val_error": 0.18433458766634347, "_timestamp": 1679075353.7824965, "_runtime": 109.81938433647156, "_step": 9, "_wandb": {"runtime": 108}}