{"train_accuracy": 0.8289074074074074, "train_error": 0.7023288342508331, "val_accuracy": 0.8333333333333334, "val_error": 0.7096506540882015, "_timestamp": 1679138126.7979789, "_runtime": 57.940486907958984, "_step": 4, "_wandb": {"runtime": 55}}