{"train_accuracy": 0.8945555555555555, "train_error": 0.15415505592350434, "val_accuracy": 0.8806666666666667, "val_error": 0.17670046210255191, "_timestamp": 1679154863.9871309, "_runtime": 198.90155386924744, "_step": 7}