{"train_accuracy": 0.8690740740740741, "train_error": 0.5243715880393611, "val_accuracy": 0.868, "val_error": 0.5535455755613929, "_timestamp": 1679110246.5250237, "_runtime": 89.68220472335815, "_step": 7, "_wandb": {"runtime": 88}}