{"train_accuracy": 0.8851111111111111, "train_error": 0.44870581589270403, "val_accuracy": 0.875, "val_error": 0.5154644979022726, "_timestamp": 1679147023.5000813, "_runtime": 108.0023102760315, "_step": 9, "_wandb": {"runtime": 105}}