{"train_accuracy": 0.8794444444444445, "train_error": 0.47704680787020126, "val_accuracy": 0.8743333333333333, "val_error": 0.5128249426431183, "_timestamp": 1679215442.3674078, "_runtime": 161.66562676429749, "_step": 10, "my_conf_mat_id_table": {"_type": "table-file", "sha256": "dc8a09920bbb499ef857777eaa622471a73fa55c6f157d21a2158e821cc09e60", "size": 2933, "artifact_path": "wandb-client-artifact://k6b4upi2c4g2kpjxoh6jk3yegry3r4xni8mcesct4riisrxsllkxalrt8vu8ngzqc596xmqgtht4ti5pslxhap7j2knljvee5ix7gttpv0bl5zzy4fhzcykgor9hai67:latest/my_conf_mat_id_table.table.json", "_latest_artifact_path": "wandb-client-artifact://k6b4upi2c4g2kpjxoh6jk3yegry3r4xni8mcesct4riisrxsllkxalrt8vu8ngzqc596xmqgtht4ti5pslxhap7j2knljvee5ix7gttpv0bl5zzy4fhzcykgor9hai67:latest/my_conf_mat_id_table.table.json", "path": "media/table/my_conf_mat_id_table_10_dc8a09920bbb499ef857.table.json", "ncols": 3, "nrows": 100}, "_wandb": {"runtime": 160}}