{"train_accuracy": 0.883, "train_error": 0.45120213838428114, "val_accuracy": 0.8446666666666667, "val_error": 0.6576797463205702, "_timestamp": 1678525693.398056, "_runtime": 208.5427269935608, "_step": 9, "_wandb": {"runtime": 207}}