{"train_accuracy": 0.885425925925926, "train_error": 0.44399850277569486, "val_accuracy": 0.8593333333333333, "val_error": 0.565406796805874, "_timestamp": 1679142499.6566865, "_runtime": 90.41165065765381, "_step": 9, "_wandb": {"runtime": 89}}