{"train_accuracy": 0.8866851851851851, "train_error": 0.17384010080987705, "val_accuracy": 0.8693333333333333, "val_error": 0.203839674897983, "_timestamp": 1679074613.8630538, "_runtime": 79.03295278549194, "_step": 7, "_wandb": {"runtime": 77}}