{"train_accuracy": 0.836925925925926, "train_error": 0.6640405353661877, "val_accuracy": 0.838, "val_error": 0.6753142095609117, "_timestamp": 1678528988.164238, "_runtime": 104.26628088951111, "_step": 9, "_wandb": {"runtime": 103}}