{"train_accuracy": 0.8692962962962963, "train_error": 0.5286524135879535, "val_accuracy": 0.8656666666666667, "val_error": 0.5545005215291173, "_timestamp": 1678528348.3831363, "_runtime": 115.99519729614258, "_step": 9, "_wandb": {"runtime": 115}}