{"train_accuracy": 0.8749074074074074, "train_error": 0.4878703690913321, "val_accuracy": 0.8711666666666666, "val_error": 0.5348278963874618, "_timestamp": 1679092442.3522615, "_runtime": 91.15818357467651, "_step": 4, "_wandb": {"runtime": 90}}