{"train_accuracy": 0.8745925925925926, "train_error": 0.47273485675071714, "val_accuracy": 0.871, "val_error": 0.5072466458387574, "_timestamp": 1679094071.3208447, "_runtime": 67.9411826133728, "_step": 4, "_wandb": {"runtime": 67}}