{"train_accuracy": 0.8622592592592593, "train_error": 0.503468348933437, "val_accuracy": 0.8496666666666667, "val_error": 0.5756635598947945, "_timestamp": 1678168651.9345267, "_runtime": 121.88869571685791, "_step": 9, "_wandb": {"runtime": 121}}