{"train_accuracy": 0.8540740740740741, "train_error": 0.5729690161800143, "val_accuracy": 0.8443333333333334, "val_error": 0.6135602972755062, "_timestamp": 1679141921.4227562, "_runtime": 58.72438621520996, "_step": 7, "_wandb": {"runtime": 57}}