{"train_accuracy": 0.8889074074074074, "train_error": 0.44334701341627875, "val_accuracy": 0.8818333333333334, "val_error": 0.482247103677982, "_timestamp": 1678535806.5109422, "_runtime": 83.83715510368347, "_step": 9, "_wandb": {"runtime": 83}}