{"train_accuracy": 0.8786851851851852, "train_error": 0.45967406057688703, "val_accuracy": 0.8643333333333333, "val_error": 0.5387195248727078, "_timestamp": 1678131237.8498507, "_runtime": 258.9443566799164, "_step": 9, "_wandb": {"runtime": 258}}