{"train_accuracy": 0.8879814814814815, "train_error": 0.43089618789832956, "val_accuracy": 0.8788333333333334, "val_error": 0.49260674617519007, "_timestamp": 1679101049.3819942, "_runtime": 118.90988230705261, "_step": 9, "_wandb": {"runtime": 118}}