{"train_accuracy": 0.8632222222222222, "train_error": 0.5467374323971564, "val_accuracy": 0.8518333333333333, "val_error": 0.5930091269928729, "_timestamp": 1679083955.393462, "_runtime": 165.26281094551086, "_step": 7, "_wandb": {"runtime": 164}}