{"train_accuracy": 0.8736111111111111, "train_error": 0.46683439125608767, "val_accuracy": 0.8595, "val_error": 0.543073746929466, "_timestamp": 1678167779.0735576, "_runtime": 143.44493556022644, "_step": 9, "_wandb": {"runtime": 142}}