{"train_accuracy": 0.8871851851851852, "train_error": 0.433290300404731, "val_accuracy": 0.8731666666666666, "val_error": 0.5394156260006113, "_timestamp": 1678176439.810497, "_runtime": 278.9546129703522, "_step": 9, "_wandb": {"runtime": 278}}