{"train_accuracy": 0.8457962962962963, "train_error": 0.6295239356898665, "val_accuracy": 0.8461666666666666, "val_error": 0.6448398755999287, "_timestamp": 1679215505.1888232, "_runtime": 45.537530183792114, "_step": 5, "my_conf_mat_id_table": {"_type": "table-file", "sha256": "775d70b83294f7747293434c2c0ec91a6102dfebd3d7e07d1353d9a07a681f86", "size": 2936, "artifact_path": "wandb-client-artifact://v5j2cyzfwp45m6vet7qfnmcajj4m27pwgkw7o9qolbkef3yuxnfzhk444xoxzmpplttl68o821tnx4z8q77kf845f7t2gqh4rliqrxh8699ywd5qfy5rl9s5jnm43f3y:latest/my_conf_mat_id_table.table.json", "_latest_artifact_path": "wandb-client-artifact://v5j2cyzfwp45m6vet7qfnmcajj4m27pwgkw7o9qolbkef3yuxnfzhk444xoxzmpplttl68o821tnx4z8q77kf845f7t2gqh4rliqrxh8699ywd5qfy5rl9s5jnm43f3y:latest/my_conf_mat_id_table.table.json", "path": "media/table/my_conf_mat_id_table_5_775d70b83294f7747293.table.json", "ncols": 3, "nrows": 100}, "_wandb": {"runtime": 44}}