{"train_accuracy": 0.8795185185185185, "train_error": 0.4680893469315871, "val_accuracy": 0.8695, "val_error": 0.5180419692886115, "_timestamp": 1679144761.455199, "_runtime": 81.28806209564209, "_step": 7, "_wandb": {"runtime": 80}}