{"train_accuracy": 0.8493703703703703, "train_error": 0.6156178559436171, "val_accuracy": 0.8461666666666666, "val_error": 0.6624623108580814, "_timestamp": 1679078421.4551792, "_runtime": 64.59930515289307, "_step": 4, "_wandb": {"runtime": 63}}