{"train_accuracy": 0.863537037037037, "train_error": 0.5480994189686472, "val_accuracy": 0.8638333333333333, "val_error": 0.565629200754933, "_timestamp": 1679147264.0505116, "_runtime": 33.5258367061615, "_step": 4, "_wandb": {"runtime": 32}}