{"train_accuracy": 0.871, "train_error": 0.5178135944162843, "val_accuracy": 0.8626666666666667, "val_error": 0.555198461084378, "_timestamp": 1678152023.2755213, "_runtime": 126.34348917007446, "_step": 9, "_wandb": {"runtime": 125}}