{"train_accuracy": 0.8605555555555555, "train_error": 0.5513139709301711, "val_accuracy": 0.861, "val_error": 0.5633566159617781, "_timestamp": 1678527959.7596006, "_runtime": 76.44552254676819, "_step": 7, "_wandb": {"runtime": 75}}