{"train_accuracy": 0.8564814814814815, "train_error": 0.2079370011162263, "val_accuracy": 0.8541666666666666, "val_error": 0.21367364220483873, "_timestamp": 1679132872.155185, "_runtime": 48.73450708389282, "_step": 4, "_wandb": {"runtime": 46}}