{"train_accuracy": 0.8087777777777778, "train_error": 0.27721658837297813, "val_accuracy": 0.8061666666666667, "val_error": 0.2792351310566957, "_timestamp": 1679073534.1877503, "_runtime": 75.34407424926758, "_step": 4, "_wandb": {"runtime": 74}}