{"train_accuracy": 0.1004074074074074, "train_error": 3.321968787063752, "val_accuracy": 0.09633333333333334, "val_error": 3.322558314573251, "_timestamp": 1678125971.0793004, "_runtime": 163.48107838630676, "_step": 9, "_wandb": {"runtime": 162}}