{"train_accuracy": 0.8790740740740741, "train_error": 0.17536673135956446, "val_accuracy": 0.8686666666666667, "val_error": 0.18550165406226538, "_timestamp": 1679071331.3132715, "_runtime": 81.7271294593811, "_step": 4, "_wandb": {"runtime": 80}}