{"train_accuracy": 0.8895740740740741, "train_error": 0.4340826463541755, "val_accuracy": 0.883, "val_error": 0.46907531390802765, "_timestamp": 1678151391.5139425, "_runtime": 250.75260543823242, "_step": 9, "_wandb": {"runtime": 250}}