{"train_accuracy": 0.8785925925925926, "train_error": 0.49162726023218, "val_accuracy": 0.8701666666666666, "val_error": 0.5312968257481983, "_timestamp": 1678176144.761199, "_runtime": 310.029748916626, "_step": 9, "_wandb": {"runtime": 309}}