{"train_accuracy": 0.8813518518518518, "train_error": 0.46929111812590424, "val_accuracy": 0.8733333333333333, "val_error": 0.5112163628473038, "_timestamp": 1679210879.6200416, "_runtime": 59.13544154167175, "_step": 5, "my_conf_mat_id_table": {"_type": "table-file", "sha256": "a068b181028b40c282d9bfca7db4a3df64d3f3e9ac0804f893bde209dd7f0482", "size": 2933, "artifact_path": "wandb-client-artifact://t0re5woeush8sfeazsebc7m174zx1cfy1vs21i2uf4o12k06e6vwpcjfwps2dv7kqk74w0eshyepjowlhf8l1qhw2crdo5zanc35ke8mnim8s7pyv4wg09cpy2pfv8vc:latest/my_conf_mat_id_table.table.json", "_latest_artifact_path": "wandb-client-artifact://t0re5woeush8sfeazsebc7m174zx1cfy1vs21i2uf4o12k06e6vwpcjfwps2dv7kqk74w0eshyepjowlhf8l1qhw2crdo5zanc35ke8mnim8s7pyv4wg09cpy2pfv8vc:latest/my_conf_mat_id_table.table.json", "path": "media/table/my_conf_mat_id_table_5_a068b181028b40c282d9.table.json", "ncols": 3, "nrows": 100}, "_wandb": {"runtime": 58}}