{"train_accuracy": 0.8575555555555555, "train_error": 0.5717625057381587, "val_accuracy": 0.8473333333333334, "val_error": 0.6303722000808135, "_timestamp": 1678539766.0591667, "_runtime": 137.97845673561096, "_step": 9, "_wandb": {"runtime": 137}}