{"train_accuracy": 0.8941296296296296, "train_error": 0.4010936632297075, "val_accuracy": 0.8778333333333334, "val_error": 0.49917324345076924, "_timestamp": 1679095420.5823429, "_runtime": 127.3173999786377, "_step": 9, "_wandb": {"runtime": 126}}