{"train_accuracy": 0.8366111111111111, "train_error": 0.6551183008599295, "val_accuracy": 0.8281666666666667, "val_error": 0.6605169590082173, "_timestamp": 1679214285.6919734, "_runtime": 100.58010053634644, "_step": 10, "my_conf_mat_id_table": {"_type": "table-file", "sha256": "e6f6a78a6040b4f99aedd76a4c3105a03c8a9c1bc710361ffd0cdf3ab7aa8e72", "size": 2943, "artifact_path": "wandb-client-artifact://ftygdpm1hrmouoruvx74kqj0mf9fgpijj7uepjcy0ay590dqtrusxq7fhjgaw8jphr42pv4ley76kcqxgalbm62agvc2j6pds0k69brbj3biba56ylv6ylwfr0rp7ru0:latest/my_conf_mat_id_table.table.json", "_latest_artifact_path": "wandb-client-artifact://ftygdpm1hrmouoruvx74kqj0mf9fgpijj7uepjcy0ay590dqtrusxq7fhjgaw8jphr42pv4ley76kcqxgalbm62agvc2j6pds0k69brbj3biba56ylv6ylwfr0rp7ru0:latest/my_conf_mat_id_table.table.json", "path": "media/table/my_conf_mat_id_table_10_e6f6a78a6040b4f99aed.table.json", "ncols": 3, "nrows": 100}, "_wandb": {"runtime": 99}}