{"train_accuracy": 0.889425925925926, "train_error": 0.42526402166155736, "val_accuracy": 0.8713333333333333, "val_error": 0.5556512410884594, "_timestamp": 1678523776.8732471, "_runtime": 229.242112159729, "_step": 9, "_wandb": {"runtime": 228}}