{"train_accuracy": 0.899074074074074, "train_error": 0.3939110563378712, "val_accuracy": 0.8871666666666667, "val_error": 0.4576041899790147, "_timestamp": 1678521921.7791433, "_runtime": 150.9348442554474, "_step": 9, "_wandb": {"runtime": 150}}