{"train_accuracy": 0.8788148148148148, "train_error": 0.45929179842024687, "val_accuracy": 0.8673333333333333, "val_error": 0.5396544484904593, "_timestamp": 1678146752.5230803, "_runtime": 146.49032735824585, "_step": 9, "_wandb": {"runtime": 144}}