{"train_accuracy": 0.47014814814814815, "train_error": 1.864785874966766, "val_accuracy": 0.4595, "val_error": 1.8661073069992526, "_timestamp": 1678174509.0844793, "_runtime": 99.14961242675781, "_step": 9, "_wandb": {"runtime": 98}}