{"train_accuracy": 0.8824074074074074, "train_error": 0.46255478051121457, "val_accuracy": 0.8693333333333333, "val_error": 0.5346869617973261, "_timestamp": 1678157703.7983818, "_runtime": 161.29174876213074, "_step": 9, "_wandb": {"runtime": 160}}