{"train_accuracy": 0.8862592592592593, "train_error": 0.43716152518769047, "val_accuracy": 0.8686666666666667, "val_error": 0.5381631260616493, "_timestamp": 1678155321.8105307, "_runtime": 235.00066876411438, "_step": 9, "_wandb": {"runtime": 234}}