{"train_accuracy": 0.8920185185185185, "train_error": 0.41409930486520613, "val_accuracy": 0.8706666666666667, "val_error": 0.5206752610025767, "_timestamp": 1679106541.3461294, "_runtime": 100.05166530609131, "_step": 9, "_wandb": {"runtime": 99}}