{"train_accuracy": 0.434, "train_error": 0.7871242866396356, "val_accuracy": 0.425, "val_error": 0.7898806020092474, "_timestamp": 1679072908.548306, "_runtime": 163.05047607421875, "_step": 9, "_wandb": {"runtime": 160}}