{"train_accuracy": 0.8809444444444444, "train_error": 0.4679004623121936, "val_accuracy": 0.8736666666666667, "val_error": 0.5322593456418135, "_timestamp": 1678174818.5366669, "_runtime": 290.90868496894836, "_step": 9, "_wandb": {"runtime": 290}}