{"train_accuracy": 0.8148518518518518, "train_error": 0.28378221224186284, "val_accuracy": 0.7928333333333333, "val_error": 0.3259291657017158, "_timestamp": 1679070239.4455035, "_runtime": 74.07075643539429, "_step": 9, "_wandb": {"runtime": 73}}