{"train_accuracy": 0.8748333333333334, "train_error": 0.48701145527913864, "val_accuracy": 0.8621666666666666, "val_error": 0.5648473428564991, "_timestamp": 1678175227.7430735, "_runtime": 96.84496855735779, "_step": 9, "_wandb": {"runtime": 96}}