{"train_accuracy": 0.8807222222222222, "train_error": 0.45971060391493823, "val_accuracy": 0.8701666666666666, "val_error": 0.5357762036314827, "_timestamp": 1678169243.5817842, "_runtime": 116.76664328575134, "_step": 9, "_wandb": {"runtime": 115}}