{"train_accuracy": 0.8966851851851851, "train_error": 0.4017331096902336, "val_accuracy": 0.8785, "val_error": 0.5228487845022011, "_timestamp": 1679112542.808729, "_runtime": 204.93640899658203, "_step": 9, "_wandb": {"runtime": 204}}