{"train_accuracy": 0.8743703703703704, "train_error": 0.17692011533756444, "val_accuracy": 0.8608333333333333, "val_error": 0.1985687252063437, "_timestamp": 1679132018.7328928, "_runtime": 163.8101737499237, "_step": 9, "_wandb": {"runtime": 162}}