{"train_accuracy": 0.8620555555555556, "train_error": 0.5610592319905132, "val_accuracy": 0.8565, "val_error": 0.5962712895696161, "_timestamp": 1678135658.7284927, "_runtime": 171.5490117073059, "_step": 9, "_wandb": {"runtime": 169}}