{"train_accuracy": 0.7654444444444445, "train_error": 1.1047691783674982, "val_accuracy": 0.7585, "val_error": 1.1178678435426752, "_timestamp": 1678530608.9617376, "_runtime": 63.51645064353943, "_step": 9, "_wandb": {"runtime": 61}}