{"train_accuracy": 0.7431481481481481, "train_error": 0.33652181557157956, "val_accuracy": 0.736, "val_error": 0.3393281888143682, "_timestamp": 1679134293.9935246, "_runtime": 67.65461158752441, "_step": 9, "_wandb": {"runtime": 66}}