{"train_accuracy": 0.8602037037037037, "train_error": 0.5716428709264877, "val_accuracy": 0.857, "val_error": 0.5881620615376812, "_timestamp": 1678529549.826655, "_runtime": 82.75237989425659, "_step": 7, "_wandb": {"runtime": 81}}