{"train_accuracy": 0.8501851851851852, "train_error": 0.2425765544417617, "val_accuracy": 0.8441666666666666, "val_error": 0.25918266665725437, "_timestamp": 1679133261.7772043, "_runtime": 96.39925122261047, "_step": 7, "_wandb": {"runtime": 95}}