{"train_accuracy": 0.7867777777777778, "train_error": 0.8411778871355743, "val_accuracy": 0.7873333333333333, "val_error": 0.8421747304381696, "_timestamp": 1678533069.731263, "_runtime": 90.74563503265381, "_step": 9, "_wandb": {"runtime": 89}}