{"train_accuracy": 0.8462407407407407, "train_error": 0.23188525965015447, "val_accuracy": 0.8131666666666667, "val_error": 0.2875953676954419, "_timestamp": 1679070554.4783394, "_runtime": 97.39959454536438, "_step": 9, "_wandb": {"runtime": 96}}