{"train_accuracy": 0.7957407407407407, "train_error": 0.8403362940025474, "val_accuracy": 0.793, "val_error": 0.8488172435847079, "_timestamp": 1679213597.456462, "_runtime": 103.35507082939148, "_step": 10, "my_conf_mat_id_table": {"_type": "table-file", "sha256": "69e628c422147719742d27c46bc2facc41834e954b10718e3e6e4b28eebd3760", "size": 2941, "artifact_path": "wandb-client-artifact://z33l9usqrcpz0962476hgoidb91p3c44y5fiz6e69nofhysrkljg0h9yyht07wljmjazw5ial2t4xle611ez8o6ip5opvyry86lb50ez6mt2a1gn6bb4weym72km80vr:latest/my_conf_mat_id_table.table.json", "_latest_artifact_path": "wandb-client-artifact://z33l9usqrcpz0962476hgoidb91p3c44y5fiz6e69nofhysrkljg0h9yyht07wljmjazw5ial2t4xle611ez8o6ip5opvyry86lb50ez6mt2a1gn6bb4weym72km80vr:latest/my_conf_mat_id_table.table.json", "path": "media/table/my_conf_mat_id_table_10_69e628c422147719742d.table.json", "ncols": 3, "nrows": 100}, "_wandb": {"runtime": 100}}