{"train_accuracy": 0.8831111111111111, "train_error": 0.4592388379394592, "val_accuracy": 0.872, "val_error": 0.537942751973377, "_timestamp": 1678128105.803475, "_runtime": 151.83829498291016, "_step": 9, "_wandb": {"runtime": 151}}