{"train_accuracy": 0.8747037037037036, "train_error": 0.4998317420668609, "val_accuracy": 0.8656666666666667, "val_error": 0.5406483723167486, "_timestamp": 1678134007.6914032, "_runtime": 290.6826832294464, "_step": 9, "_wandb": {"runtime": 289}}