{"train_accuracy": 0.8904074074074074, "train_error": 0.16057057918050555, "val_accuracy": 0.8745, "val_error": 0.17784857149828068, "_timestamp": 1679136925.2542963, "_runtime": 92.90547037124634, "_step": 9, "_wandb": {"runtime": 89}}