{"train_accuracy": 0.8975740740740741, "train_error": 0.4046954842065833, "val_accuracy": 0.8866666666666667, "val_error": 0.46419816403721126, "_timestamp": 1679104537.9726913, "_runtime": 129.84909629821777, "_step": 9, "_wandb": {"runtime": 129}}