{"train_accuracy": 0.8751481481481481, "train_error": 0.5023790930403692, "val_accuracy": 0.8655, "val_error": 0.5431782622979673, "_timestamp": 1679108686.8194864, "_runtime": 106.4454824924469, "_step": 9, "_wandb": {"runtime": 105}}