{"train_accuracy": 0.7887592592592593, "train_error": 0.3103515232352655, "val_accuracy": 0.785, "val_error": 0.3138125442924779, "_timestamp": 1679069645.1855237, "_runtime": 81.95282173156738, "_step": 9, "_wandb": {"runtime": 81}}