{"train_accuracy": 0.8815555555555555, "train_error": 0.4546928490195889, "val_accuracy": 0.8695, "val_error": 0.525841127855328, "_timestamp": 1678177531.937729, "_runtime": 104.27398085594177, "_step": 9, "_wandb": {"runtime": 103}}