{"train_accuracy": 0.8755185185185185, "train_error": 0.5033089563413289, "val_accuracy": 0.8681666666666666, "val_error": 0.5394615835093335, "_timestamp": 1678178265.464902, "_runtime": 237.4276328086853, "_step": 9, "_wandb": {"runtime": 236}}