{"train_accuracy": 0.810037037037037, "train_error": 0.7397175491855463, "val_accuracy": 0.8063333333333333, "val_error": 0.7386817379538986, "_timestamp": 1678125791.1846392, "_runtime": 194.40136313438416, "_step": 9, "_wandb": {"runtime": 193}}