{"train_accuracy": 0.897425925925926, "train_error": 0.4018629931992603, "val_accuracy": 0.8866666666666667, "val_error": 0.4624699207138137, "_timestamp": 1679101576.1011536, "_runtime": 91.08083772659302, "_step": 9, "_wandb": {"runtime": 90}}