{"train_accuracy": 0.8681666666666666, "train_error": 0.19506321353273487, "val_accuracy": 0.8623333333333333, "val_error": 0.2047902037218679, "_timestamp": 1679133566.964528, "_runtime": 207.7344331741333, "_step": 9, "_wandb": {"runtime": 206}}