{"train_accuracy": 0.8858703703703704, "train_error": 0.44335361190857686, "val_accuracy": 0.8746666666666667, "val_error": 0.4942048182807822, "_timestamp": 1679099828.7899559, "_runtime": 205.50220775604248, "_step": 9, "_wandb": {"runtime": 204}}