{"train_accuracy": 0.8715185185185185, "train_error": 0.5046677996209749, "val_accuracy": 0.8683333333333333, "val_error": 0.5293642847990553, "_timestamp": 1678538374.8401024, "_runtime": 70.1104154586792, "_step": 4, "_wandb": {"runtime": 69}}