{"train_accuracy": 0.8752037037037037, "train_error": 0.5015969436157692, "val_accuracy": 0.8668333333333333, "val_error": 0.5375892022293985, "_timestamp": 1678170852.6673481, "_runtime": 106.06061720848083, "_step": 9, "_wandb": {"runtime": 105}}