{"train_accuracy": 0.8827777777777778, "train_error": 0.45327680836657386, "val_accuracy": 0.854, "val_error": 0.5954626389214982, "_timestamp": 1679092649.9628808, "_runtime": 191.43307876586914, "_step": 7, "_wandb": {"runtime": 190}}