{"train_accuracy": 0.8920370370370371, "train_error": 0.16274457690178093, "val_accuracy": 0.8716666666666667, "val_error": 0.18966376438437188, "_timestamp": 1679069451.1477523, "_runtime": 74.39928936958313, "_step": 9, "_wandb": {"runtime": 73}}