{"train_accuracy": 0.8893333333333333, "train_error": 0.42097522920876584, "val_accuracy": 0.8726666666666667, "val_error": 0.5115692487407087, "_timestamp": 1679081204.3214424, "_runtime": 147.2621214389801, "_step": 7, "_wandb": {"runtime": 146}}