{"train_accuracy": 0.8776111111111111, "train_error": 0.47157261095262665, "val_accuracy": 0.862, "val_error": 0.5601065181016145, "_timestamp": 1679140165.229575, "_runtime": 112.1248049736023, "_step": 7, "_wandb": {"runtime": 111}}