{"train_accuracy": 0.9108148148148149, "train_error": 0.34907328366675644, "val_accuracy": 0.8871666666666667, "val_error": 0.46373425642361116, "_timestamp": 1678536209.791359, "_runtime": 120.64926385879517, "_step": 9, "_wandb": {"runtime": 119}}