{"train_accuracy": 0.8740740740740741, "train_error": 0.49938876671131693, "val_accuracy": 0.8663333333333333, "val_error": 0.5304029052688989, "_timestamp": 1678161738.0853155, "_runtime": 115.6437623500824, "_step": 9, "_wandb": {"runtime": 114}}