{"train_accuracy": 0.8584444444444445, "train_error": 0.5713044937334368, "val_accuracy": 0.8531666666666666, "val_error": 0.608581562609507, "_timestamp": 1678136330.4201093, "_runtime": 161.7279543876648, "_step": 9, "_wandb": {"runtime": 160}}