{"train_accuracy": 0.8759814814814815, "train_error": 0.49356689912280705, "val_accuracy": 0.8706666666666667, "val_error": 0.5318674042583796, "_timestamp": 1678140738.437151, "_runtime": 289.3142058849335, "_step": 9, "_wandb": {"runtime": 288}}