{"train_accuracy": 0.8929814814814815, "train_error": 0.4278459229303105, "val_accuracy": 0.887, "val_error": 0.4704357389444329, "_timestamp": 1679149002.739842, "_runtime": 105.79292798042297, "_step": 9, "_wandb": {"runtime": 104}}