{"train_accuracy": 0.8045, "train_error": 0.29048561760359076, "val_accuracy": 0.7985, "val_error": 0.2971722695166756, "_timestamp": 1679070438.0335739, "_runtime": 73.40290379524231, "_step": 9, "_wandb": {"runtime": 72}}