{"train_accuracy": 0.8778148148148148, "train_error": 0.4699486892919079, "val_accuracy": 0.8725, "val_error": 0.50742160459639, "_timestamp": 1678153788.4226213, "_runtime": 155.1195032596588, "_step": 9, "_wandb": {"runtime": 154}}