{"train_accuracy": 0.8042407407407407, "train_error": 0.7689457743041674, "val_accuracy": 0.8001666666666667, "val_error": 0.7912640615530818, "_timestamp": 1678162351.1465025, "_runtime": 93.18720960617065, "_step": 9, "_wandb": {"runtime": 92}}