{"train_accuracy": 0.8936851851851851, "train_error": 0.41850248816043734, "val_accuracy": 0.8818333333333334, "val_error": 0.4694074965569122, "_timestamp": 1678522926.0831203, "_runtime": 98.6316933631897, "_step": 7, "_wandb": {"runtime": 97}}