{"train_accuracy": 0.8837037037037037, "train_error": 0.4510205137375961, "val_accuracy": 0.878, "val_error": 0.5012106135960361, "_timestamp": 1678130510.1966825, "_runtime": 337.1250743865967, "_step": 9, "_wandb": {"runtime": 336}}