{"train_accuracy": 0.9, "train_error": 0.39264490499519267, "val_accuracy": 0.8868333333333334, "val_error": 0.455274688423903, "_timestamp": 1678552100.3713434, "_runtime": 128.699152469635, "_step": 9, "_wandb": {"runtime": 127}}