{"train_accuracy": 0.888462962962963, "train_error": 0.4329713617485693, "val_accuracy": 0.8551666666666666, "val_error": 0.5758307163053773, "_timestamp": 1678538100.9048867, "_runtime": 150.39208674430847, "_step": 9, "_wandb": {"runtime": 149}}