{"train_accuracy": 0.8707407407407407, "train_error": 0.5089715335578152, "val_accuracy": 0.8651666666666666, "val_error": 0.5727256045701382, "_timestamp": 1678146052.461166, "_runtime": 122.50480699539185, "_step": 9, "_wandb": {"runtime": 121}}