{"train_accuracy": 0.8693148148148148, "train_error": 0.5170371561350752, "val_accuracy": 0.8548333333333333, "val_error": 0.5926869603719596, "_timestamp": 1679109703.459647, "_runtime": 71.98926091194153, "_step": 9, "_wandb": {"runtime": 71}}