{"train_accuracy": 0.8770740740740741, "train_error": 0.17812499710069069, "val_accuracy": 0.8701666666666666, "val_error": 0.18888213340255183, "_timestamp": 1679135191.9987574, "_runtime": 236.38202238082886, "_step": 9, "_wandb": {"runtime": 235}}