{"train_accuracy": 0.8858148148148148, "train_error": 0.4500538467136701, "val_accuracy": 0.8815, "val_error": 0.4883435499374678, "_timestamp": 1678151122.2985623, "_runtime": 250.3996512889862, "_step": 9, "_wandb": {"runtime": 249}}