{"train_accuracy": 0.8846481481481482, "train_error": 0.4539002700520978, "val_accuracy": 0.8793333333333333, "val_error": 0.4983455531179825, "_timestamp": 1679115021.5994225, "_runtime": 179.72493243217468, "_step": 9, "_wandb": {"runtime": 178}}