{"train_accuracy": 0.8832407407407408, "train_error": 0.47313326108985737, "val_accuracy": 0.8741666666666666, "val_error": 0.5113197256521296, "_timestamp": 1679103363.4027615, "_runtime": 85.91659140586853, "_step": 9, "_wandb": {"runtime": 85}}