{"train_accuracy": 0.8766481481481482, "train_error": 0.4907798648858532, "val_accuracy": 0.8715, "val_error": 0.5170888481190671, "_timestamp": 1678537244.8701339, "_runtime": 129.6004819869995, "_step": 9, "_wandb": {"runtime": 128}}