{"train_accuracy": 0.8991111111111111, "train_error": 0.3898653767048613, "val_accuracy": 0.8788333333333334, "val_error": 0.4984922292426921, "_timestamp": 1679111322.610438, "_runtime": 142.31215000152588, "_step": 9, "_wandb": {"runtime": 141}}