{"train_accuracy": 0.8759259259259259, "train_error": 0.478363224867087, "val_accuracy": 0.8658333333333333, "val_error": 0.535514303576855, "_timestamp": 1679085341.8667474, "_runtime": 101.60333347320557, "_step": 4, "_wandb": {"runtime": 100}}