{"train_accuracy": 0.8683148148148148, "train_error": 0.532072194553818, "val_accuracy": 0.861, "val_error": 0.5512727565605295, "_timestamp": 1678526842.9026709, "_runtime": 117.26527976989746, "_step": 9, "_wandb": {"runtime": 116}}