{"train_accuracy": 0.6754259259259259, "train_error": 1.2115452370116029, "val_accuracy": 0.6883333333333334, "val_error": 1.211071461428868, "_timestamp": 1678167964.4496272, "_runtime": 167.5899782180786, "_step": 9, "_wandb": {"runtime": 166}}