{"train_accuracy": 0.8884444444444445, "train_error": 0.4324517676498532, "val_accuracy": 0.876, "val_error": 0.5103319746219448, "_timestamp": 1679140908.084964, "_runtime": 97.60973501205444, "_step": 7, "_wandb": {"runtime": 96}}