{"train_accuracy": 0.8676111111111111, "train_error": 0.19094105156998173, "val_accuracy": 0.8628333333333333, "val_error": 0.2012536965442449, "_timestamp": 1679155754.032827, "_runtime": 202.44213199615479, "_step": 9, "_wandb": {"runtime": 201}}