{"train_accuracy": 0.8889814814814815, "train_error": 0.4445448827082745, "val_accuracy": 0.8796666666666667, "val_error": 0.48907282063138896, "_timestamp": 1679093220.9003067, "_runtime": 134.51595664024353, "_step": 9, "_wandb": {"runtime": 133}}