{"train_accuracy": 0.8648703703703704, "train_error": 0.5424342182613521, "val_accuracy": 0.8543333333333333, "val_error": 0.6091865557194406, "_timestamp": 1678521404.7799156, "_runtime": 55.965455532073975, "_step": 4, "_wandb": {"runtime": 55}}