{"train_accuracy": 0.8861666666666667, "train_error": 0.4366628335066171, "val_accuracy": 0.8685, "val_error": 0.5353738874735178, "_timestamp": 1679107708.0104146, "_runtime": 125.58671450614929, "_step": 7, "_wandb": {"runtime": 124}}