{"train_accuracy": 0.907074074074074, "train_error": 0.3567239153932458, "val_accuracy": 0.8906666666666667, "val_error": 0.44081022100279327, "_timestamp": 1678534382.853023, "_runtime": 120.66367697715759, "_step": 9, "_wandb": {"runtime": 119}}