{"train_accuracy": 0.8901851851851852, "train_error": 0.4252180640813265, "val_accuracy": 0.8793333333333333, "val_error": 0.49376824119923124, "_timestamp": 1679083546.084349, "_runtime": 189.48796486854553, "_step": 9, "_wandb": {"runtime": 188}}