{"train_accuracy": 0.8983888888888889, "train_error": 0.3894961901970781, "val_accuracy": 0.8745, "val_error": 0.5146073631842915, "_timestamp": 1679147732.6558318, "_runtime": 219.3414387702942, "_step": 9, "_wandb": {"runtime": 218}}