{"train_accuracy": 0.7855, "train_error": 0.8555345783482091, "val_accuracy": 0.781, "val_error": 0.8634007813758159, "_timestamp": 1679079357.4797168, "_runtime": 70.12358283996582, "_step": 4, "_wandb": {"runtime": 68}}