{"train_accuracy": 0.8061851851851852, "train_error": 0.2829814511634401, "val_accuracy": 0.8056666666666666, "val_error": 0.2848428618554303, "_timestamp": 1679071224.6942365, "_runtime": 67.37502360343933, "_step": 4, "_wandb": {"runtime": 66}}