{"train_accuracy": 0.8729814814814815, "train_error": 0.1836782477359403, "val_accuracy": 0.866, "val_error": 0.19500363910814789, "_timestamp": 1679154153.5902262, "_runtime": 200.43363523483276, "_step": 9, "_wandb": {"runtime": 199}}