{"train_accuracy": 0.9011851851851852, "train_error": 0.37280948564118754, "val_accuracy": 0.8851666666666667, "val_error": 0.4519956581347482, "_timestamp": 1678526027.5891023, "_runtime": 114.02691531181335, "_step": 9, "_wandb": {"runtime": 113}}