{"train_accuracy": 0.8787222222222222, "train_error": 0.4738462817378629, "val_accuracy": 0.8608333333333333, "val_error": 0.5622630843444177, "_timestamp": 1679108949.6209624, "_runtime": 102.75341534614563, "_step": 9, "_wandb": {"runtime": 102}}