{"train_accuracy": 0.8559444444444444, "train_error": 0.5978934146480694, "val_accuracy": 0.8553333333333333, "val_error": 0.6120847232606551, "_timestamp": 1679083338.6205988, "_runtime": 53.21505069732666, "_step": 4, "_wandb": {"runtime": 52}}