{"train_accuracy": 0.8307962962962963, "train_error": 0.2745884054375846, "val_accuracy": 0.8231666666666667, "val_error": 0.29617192613086163, "_timestamp": 1679077801.763129, "_runtime": 188.73605108261108, "_step": 7, "_wandb": {"runtime": 187}}