{"train_accuracy": 0.8705185185185185, "train_error": 0.5184422812924316, "val_accuracy": 0.8663333333333333, "val_error": 0.5439121660425235, "_timestamp": 1679138995.0144544, "_runtime": 186.52345037460327, "_step": 9, "_wandb": {"runtime": 185}}