{"train_accuracy": 0.8571851851851852, "train_error": 0.5130782723522046, "val_accuracy": 0.8525, "val_error": 0.5527875971492513, "_timestamp": 1679088875.406806, "_runtime": 53.87772488594055, "_step": 4, "_wandb": {"runtime": 53}}