{"train_accuracy": 0.838574074074074, "train_error": 0.6551832216549095, "val_accuracy": 0.826, "val_error": 0.7340026597316005, "_timestamp": 1679081781.6353025, "_runtime": 56.32617163658142, "_step": 4, "_wandb": {"runtime": 55}}