{"train_accuracy": 0.8715185185185185, "train_error": 0.5124183374224909, "val_accuracy": 0.8636666666666667, "val_error": 0.5471561498011549, "_timestamp": 1679109411.1210434, "_runtime": 67.95521354675293, "_step": 9, "_wandb": {"runtime": 67}}