{"train_accuracy": 0.7094074074074074, "train_error": 2.2067485981353236, "val_accuracy": 0.693, "val_error": 2.9853766360497707, "_timestamp": 1679215884.6432343, "_runtime": 167.18848824501038, "_step": 10, "my_conf_mat_id_table": {"_type": "table-file", "sha256": "dfa3ae3ed8892d146a57fbdd19b614128d9e90e519650a52f88a2d9e845dcd9c", "size": 2956, "artifact_path": "wandb-client-artifact://qcch4lpvflbrvysx15ud7ssoczd3tso6ju765w3w9oc38w9j245ziygs3izt3xd6b02mr39kmq3qr49mf146rnatz4j0587yf4zvvzdk0qyzgrvgg0k8dlsjb1zkcy77:latest/my_conf_mat_id_table.table.json", "_latest_artifact_path": "wandb-client-artifact://qcch4lpvflbrvysx15ud7ssoczd3tso6ju765w3w9oc38w9j245ziygs3izt3xd6b02mr39kmq3qr49mf146rnatz4j0587yf4zvvzdk0qyzgrvgg0k8dlsjb1zkcy77:latest/my_conf_mat_id_table.table.json", "path": "media/table/my_conf_mat_id_table_10_dfa3ae3ed8892d146a57.table.json", "ncols": 3, "nrows": 100}, "_wandb": {"runtime": 166}}