{"train_accuracy": 0.8863888888888889, "train_error": 0.43094946858974936, "val_accuracy": 0.8731666666666666, "val_error": 0.5040114306899017, "_timestamp": 1679099420.537976, "_runtime": 122.7148220539093, "_step": 9, "_wandb": {"runtime": 121}}