{"train_accuracy": 0.9066666666666666, "train_error": 0.3659254941079201, "val_accuracy": 0.8888333333333334, "val_error": 0.44463649402048616, "_timestamp": 1679103929.152965, "_runtime": 182.0309431552887, "_step": 9, "_wandb": {"runtime": 181}}