{"train_accuracy": 0.7818333333333334, "train_error": 0.8462954868554966, "val_accuracy": 0.7828333333333334, "val_error": 0.8469506455261889, "_timestamp": 1678127427.7430794, "_runtime": 139.82700443267822, "_step": 9, "_wandb": {"runtime": 138}}