{"train_accuracy": 0.882962962962963, "train_error": 0.44353188876888267, "val_accuracy": 0.8766666666666667, "val_error": 0.5147567616242342, "_timestamp": 1678173699.449769, "_runtime": 279.45050597190857, "_step": 9, "_wandb": {"runtime": 278}}