{"train_accuracy": 0.5678518518518518, "train_error": 1.6023991879551893, "val_accuracy": 0.5665, "val_error": 1.6058396829332027, "_timestamp": 1678153476.6721456, "_runtime": 111.57853269577026, "_step": 9, "_wandb": {"runtime": 110}}