{"train_accuracy": 0.8772222222222222, "train_error": 0.4848961357741088, "val_accuracy": 0.8695, "val_error": 0.5617763978361572, "_timestamp": 1678138889.7244592, "_runtime": 145.23961925506592, "_step": 9, "_wandb": {"runtime": 144}}