{"train_accuracy": 0.8558888888888889, "train_error": 0.20856449079832867, "val_accuracy": 0.8511666666666666, "val_error": 0.21666712660124082, "_timestamp": 1679137212.4520879, "_runtime": 128.73316979408264, "_step": 7, "_wandb": {"runtime": 126}}