{"train_accuracy": 0.8689444444444444, "train_error": 0.5203831190969529, "val_accuracy": 0.8655, "val_error": 0.548945038404563, "_timestamp": 1679093066.4554274, "_runtime": 91.11116433143616, "_step": 7, "_wandb": {"runtime": 90}}