{"train_accuracy": 0.8834814814814815, "train_error": 0.45658013253848784, "val_accuracy": 0.878, "val_error": 0.498202855654909, "_timestamp": 1678177240.0497122, "_runtime": 279.68325209617615, "_step": 9, "_wandb": {"runtime": 278}}