{"train_accuracy": 0.881962962962963, "train_error": 0.4646199849319143, "val_accuracy": 0.8561666666666666, "val_error": 0.5594291396423864, "_timestamp": 1678529732.3345966, "_runtime": 74.51863265037537, "_step": 9, "_wandb": {"runtime": 73}}