{"train_accuracy": 0.804037037037037, "train_error": 0.2794914980456213, "val_accuracy": 0.7993333333333333, "val_error": 0.28539696738598447, "_timestamp": 1679072596.7044697, "_runtime": 82.69115662574768, "_step": 9, "_wandb": {"runtime": 80}}