{"train_accuracy": 0.4691111111111111, "train_error": 1.768715833797694, "val_accuracy": 0.4668333333333333, "val_error": 1.7663095418061767, "_timestamp": 1678139764.9765835, "_runtime": 267.6321265697479, "_step": 9, "_wandb": {"runtime": 266}}