{"train_accuracy": 0.8989259259259259, "train_error": 0.3858429532889842, "val_accuracy": 0.882, "val_error": 0.4766225808280491, "_timestamp": 1678532471.900292, "_runtime": 163.68380880355835, "_step": 9, "_wandb": {"runtime": 162}}