{"train_accuracy": 0.8465185185185186, "train_error": 0.6321855678568375, "val_accuracy": 0.8373333333333334, "val_error": 0.7364399549074789, "_timestamp": 1679214420.272998, "_runtime": 116.6380980014801, "_step": 8, "my_conf_mat_id_table": {"_type": "table-file", "sha256": "fe384e0cfe55d6622d121914871a76cfd5a350ae8030da3d2237bf1dc7dc6913", "size": 2937, "artifact_path": "wandb-client-artifact://fwa5ck31c5xy936ayv4bbmj2fe8rak7vcmtr7sd9j7jn91ennca2rlf8h2udkvcllyyaggm7hkovqvq6w08v12gwsjj8xm84zuafnfghxu4urv2x440nmnxduu909mc8:latest/my_conf_mat_id_table.table.json", "_latest_artifact_path": "wandb-client-artifact://fwa5ck31c5xy936ayv4bbmj2fe8rak7vcmtr7sd9j7jn91ennca2rlf8h2udkvcllyyaggm7hkovqvq6w08v12gwsjj8xm84zuafnfghxu4urv2x440nmnxduu909mc8:latest/my_conf_mat_id_table.table.json", "path": "media/table/my_conf_mat_id_table_8_fe384e0cfe55d6622d12.table.json", "ncols": 3, "nrows": 100}, "_wandb": {"runtime": 115}}