{"train_accuracy": 0.8789074074074074, "train_error": 0.17596595182716518, "val_accuracy": 0.8746666666666667, "val_error": 0.18791719727081463, "_timestamp": 1679152777.1185927, "_runtime": 210.78933882713318, "_step": 9, "_wandb": {"runtime": 210}}