{"train_accuracy": 0.8791481481481481, "train_error": 0.4842980995887849, "val_accuracy": 0.8688333333333333, "val_error": 0.5327503249888632, "_timestamp": 1678142175.7466304, "_runtime": 119.33874654769897, "_step": 9, "_wandb": {"runtime": 118}}