{"train_accuracy": 0.8513888888888889, "train_error": 0.6301553635670272, "val_accuracy": 0.8506666666666667, "val_error": 0.6420531721889039, "_timestamp": 1679214699.3013155, "_runtime": 107.37515759468079, "_step": 10, "my_conf_mat_id_table": {"_type": "table-file", "sha256": "5260eac4c751b0d081afe2a41167d453a52c1aaa63fab5706defd86bafaf931b", "size": 2939, "artifact_path": "wandb-client-artifact://7grt2q6rtleuiz4ys6i8ljpc0sr0we96h9bjpib8s4vfc6yfsbw7qtw56ikw8rnh70v196uza7mg847t3d3rvw4or9uj9kbzcu2r1i55z9xin9i9nm0ktju0tn5iai0d:latest/my_conf_mat_id_table.table.json", "_latest_artifact_path": "wandb-client-artifact://7grt2q6rtleuiz4ys6i8ljpc0sr0we96h9bjpib8s4vfc6yfsbw7qtw56ikw8rnh70v196uza7mg847t3d3rvw4or9uj9kbzcu2r1i55z9xin9i9nm0ktju0tn5iai0d:latest/my_conf_mat_id_table.table.json", "path": "media/table/my_conf_mat_id_table_10_5260eac4c751b0d081af.table.json", "ncols": 3, "nrows": 100}, "_wandb": {"runtime": 106}}