{"train_accuracy": 0.908074074074074, "train_error": 0.35979057627272387, "val_accuracy": 0.8875, "val_error": 0.4596150322412303, "_timestamp": 1678524244.0586212, "_runtime": 124.5634331703186, "_step": 9, "_wandb": {"runtime": 123}}