{"train_accuracy": 0.8629444444444444, "train_error": 0.5479070148707077, "val_accuracy": 0.862, "val_error": 0.5710372557996769, "_timestamp": 1679090096.0933206, "_runtime": 74.96470355987549, "_step": 4, "_wandb": {"runtime": 74}}