{"train_accuracy": 0.8397037037037037, "train_error": 0.6685693589055303, "val_accuracy": 0.8358333333333333, "val_error": 0.7006708355018126, "_timestamp": 1678155069.118016, "_runtime": 222.66374707221985, "_step": 9, "_wandb": {"runtime": 221}}