{"train_accuracy": 0.8945740740740741, "train_error": 0.3940950757873889, "val_accuracy": 0.8756666666666667, "val_error": 0.512858638211089, "_timestamp": 1679102118.4644628, "_runtime": 195.41542863845825, "_step": 9, "_wandb": {"runtime": 194}}