{"train_accuracy": 0.8784814814814815, "train_error": 0.46778996404803125, "val_accuracy": 0.871, "val_error": 0.5380760818014877, "_timestamp": 1678167044.2193658, "_runtime": 308.9033377170563, "_step": 9, "_wandb": {"runtime": 307}}