{"train_accuracy": 0.886962962962963, "train_error": 0.4320038411443767, "val_accuracy": 0.8615, "val_error": 0.5848271401441054, "_timestamp": 1679086523.6902156, "_runtime": 288.8798816204071, "_step": 9, "_wandb": {"runtime": 288}}