{"train_accuracy": 0.8726666666666667, "train_error": 0.18643364335625298, "val_accuracy": 0.8628333333333333, "val_error": 0.20313080545629741, "_timestamp": 1679076147.7284975, "_runtime": 55.69119143486023, "_step": 4, "_wandb": {"runtime": 54}}