{"train_accuracy": 0.8855185185185185, "train_error": 0.16915876775155733, "val_accuracy": 0.8691666666666666, "val_error": 0.19012298512812795, "_timestamp": 1679133149.5800571, "_runtime": 132.5020580291748, "_step": 9, "_wandb": {"runtime": 131}}