{"train_accuracy": 0.8845740740740741, "train_error": 0.44704579366689906, "val_accuracy": 0.873, "val_error": 0.49545168926607985, "_timestamp": 1679112079.27819, "_runtime": 141.61838698387146, "_step": 9, "_wandb": {"runtime": 140}}