{"train_accuracy": 0.8827962962962963, "train_error": 0.4643349856362433, "val_accuracy": 0.8765, "val_error": 0.49963163054824805, "_timestamp": 1678155749.1392872, "_runtime": 275.89583826065063, "_step": 9, "_wandb": {"runtime": 274}}