{"train_accuracy": 0.7911481481481482, "train_error": 0.29525977176235424, "val_accuracy": 0.7903333333333333, "val_error": 0.2971768110590517, "_timestamp": 1679134936.8182762, "_runtime": 68.86894917488098, "_step": 7, "_wandb": {"runtime": 67}}