{"train_accuracy": 0.8745185185185185, "train_error": 0.5012995077020505, "val_accuracy": 0.8691666666666666, "val_error": 0.5359739176353262, "_timestamp": 1678145224.7965143, "_runtime": 116.1707763671875, "_step": 9, "_wandb": {"runtime": 115}}