{"train_accuracy": 0.9013518518518518, "train_error": 0.3831171390047136, "val_accuracy": 0.8693333333333333, "val_error": 0.568275328675317, "_timestamp": 1679211477.71728, "_runtime": 143.61478781700134, "_step": 10, "my_conf_mat_id_table": {"_type": "table-file", "sha256": "fa263ebb641d8b513c27fb332ce408437173e4c077eb7510db9b1b62eede95ee", "size": 2933, "artifact_path": "wandb-client-artifact://fays2bqkffy0d82ex3zq7dpqo59iz97ftxfhmrp3o3m6hp5k78p7iio6yrsz3f8naj9wn7ob40plgmrubhn6r3w733bc3do0lxjlnjtzdyueoiwbh0vpbit1lieex4kk:latest/my_conf_mat_id_table.table.json", "_latest_artifact_path": "wandb-client-artifact://fays2bqkffy0d82ex3zq7dpqo59iz97ftxfhmrp3o3m6hp5k78p7iio6yrsz3f8naj9wn7ob40plgmrubhn6r3w733bc3do0lxjlnjtzdyueoiwbh0vpbit1lieex4kk:latest/my_conf_mat_id_table.table.json", "path": "media/table/my_conf_mat_id_table_10_fa263ebb641d8b513c27.table.json", "ncols": 3, "nrows": 100}, "_wandb": {"runtime": 142}}