{"train_accuracy": 0.8891851851851852, "train_error": 0.4326828415586858, "val_accuracy": 0.8771666666666667, "val_error": 0.4919316523151513, "_timestamp": 1679144574.0630739, "_runtime": 83.65933179855347, "_step": 9, "_wandb": {"runtime": 82}}