{"train_accuracy": 0.8773333333333333, "train_error": 0.17728617436219674, "val_accuracy": 0.858, "val_error": 0.2078172246163808, "_timestamp": 1679136278.5368845, "_runtime": 147.78150844573975, "_step": 7, "_wandb": {"runtime": 146}}