{"train_accuracy": 0.8985185185185185, "train_error": 0.39145357089352656, "val_accuracy": 0.8798333333333334, "val_error": 0.5016108823426016, "_timestamp": 1679083259.3837845, "_runtime": 213.80019164085388, "_step": 9, "_wandb": {"runtime": 212}}