{"train_accuracy": 0.8195740740740741, "train_error": 0.7474671143099205, "val_accuracy": 0.8231666666666667, "val_error": 0.7492759265997113, "_timestamp": 1679106923.4296076, "_runtime": 114.5848445892334, "_step": 9, "_wandb": {"runtime": 113}}