{"train_accuracy": 0.8575185185185186, "train_error": 0.569072125959203, "val_accuracy": 0.8438333333333333, "val_error": 0.6415847772128948, "_timestamp": 1679079964.8487191, "_runtime": 165.7234330177307, "_step": 7, "_wandb": {"runtime": 163}}