{"train_accuracy": 0.8907592592592593, "train_error": 0.41816682528851923, "val_accuracy": 0.8681666666666666, "val_error": 0.5594240783084247, "_timestamp": 1679137806.717873, "_runtime": 267.52100110054016, "_step": 9, "_wandb": {"runtime": 266}}