{"train_accuracy": 0.8998333333333334, "train_error": 0.3840086700331574, "val_accuracy": 0.8853333333333333, "val_error": 0.48191212055039745, "_timestamp": 1679099279.6649513, "_runtime": 157.67358422279358, "_step": 9, "_wandb": {"runtime": 157}}