{"train_accuracy": 0.8625185185185186, "train_error": 0.5627279203477884, "val_accuracy": 0.86, "val_error": 0.5844616519303547, "_timestamp": 1678532763.688473, "_runtime": 104.5199339389801, "_step": 9, "_wandb": {"runtime": 102}}