{"train_accuracy": 0.8785555555555555, "train_error": 0.4739644473363152, "val_accuracy": 0.869, "val_error": 0.5476360208345427, "_timestamp": 1678142939.0366542, "_runtime": 249.94066834449768, "_step": 9, "_wandb": {"runtime": 249}}