{"train_accuracy": 0.8996296296296297, "train_error": 0.3956362768934672, "val_accuracy": 0.8876666666666667, "val_error": 0.45589340505616105, "_timestamp": 1678531979.2383254, "_runtime": 120.27033734321594, "_step": 9, "_wandb": {"runtime": 119}}