{"train_accuracy": 0.866537037037037, "train_error": 0.5123632685951768, "val_accuracy": 0.8468333333333333, "val_error": 0.6046922389976777, "_timestamp": 1679103260.2868452, "_runtime": 84.57152724266052, "_step": 4, "_wandb": {"runtime": 83}}