{"train_accuracy": 0.8889444444444444, "train_error": 0.43563588351894744, "val_accuracy": 0.8798333333333334, "val_error": 0.48166114597244936, "_timestamp": 1678148902.5950868, "_runtime": 309.2084279060364, "_step": 9, "_wandb": {"runtime": 308}}