{"train_accuracy": 0.8967962962962963, "train_error": 0.4097269744914654, "val_accuracy": 0.8865, "val_error": 0.4665434158788364, "_timestamp": 1679141633.2356765, "_runtime": 89.28532552719116, "_step": 9, "_wandb": {"runtime": 88}}