{"train_accuracy": 0.8906296296296297, "train_error": 0.4231039372699572, "val_accuracy": 0.8788333333333334, "val_error": 0.4927174933260491, "_timestamp": 1679101774.8374736, "_runtime": 81.62450957298279, "_step": 7, "_wandb": {"runtime": 80}}