{"train_accuracy": 0.6327407407407407, "train_error": 1.6736535060344766, "val_accuracy": 0.6288333333333334, "val_error": 1.6804382825093926, "_timestamp": 1679213669.5807734, "_runtime": 51.869380235672, "_step": 5, "my_conf_mat_id_table": {"_type": "table-file", "sha256": "d9f680dd3fbd5e2e0c30dea193e52abda3a1cc17836f0dc1fc884f81415ce898", "size": 2954, "artifact_path": "wandb-client-artifact://vvsfg0gegm8ijgr03in2rvhi0mm0g1wwxukgmzfot4r89r84dowrho45c6hi2tuo1ptfojbsz8bc1otx9cv4esqk9bu9zcx8u1apzwjx1iwywlripint0idcz8495gsb:latest/my_conf_mat_id_table.table.json", "_latest_artifact_path": "wandb-client-artifact://vvsfg0gegm8ijgr03in2rvhi0mm0g1wwxukgmzfot4r89r84dowrho45c6hi2tuo1ptfojbsz8bc1otx9cv4esqk9bu9zcx8u1apzwjx1iwywlripint0idcz8495gsb:latest/my_conf_mat_id_table.table.json", "path": "media/table/my_conf_mat_id_table_5_d9f680dd3fbd5e2e0c30.table.json", "ncols": 3, "nrows": 100}, "_wandb": {"runtime": 51}}