{"train_accuracy": 0.8773703703703704, "train_error": 0.4849657794568593, "val_accuracy": 0.8656666666666667, "val_error": 0.5740217912648043, "_timestamp": 1678144745.9975872, "_runtime": 115.29666924476624, "_step": 9, "_wandb": {"runtime": 114}}