{"train_accuracy": 0.877537037037037, "train_error": 0.48907266230175794, "val_accuracy": 0.8685, "val_error": 0.5271802042120675, "_timestamp": 1678137530.5019686, "_runtime": 305.2651937007904, "_step": 9, "_wandb": {"runtime": 304}}