{"train_accuracy": 0.8669444444444444, "train_error": 0.5164724967922215, "val_accuracy": 0.8565, "val_error": 0.5728491915505683, "_timestamp": 1679111709.6608179, "_runtime": 60.13886380195618, "_step": 4, "_wandb": {"runtime": 59}}