{"train_accuracy": 0.8717407407407407, "train_error": 0.1853133298426718, "val_accuracy": 0.8618333333333333, "val_error": 0.2029249274396733, "_timestamp": 1679071540.352904, "_runtime": 130.16176199913025, "_step": 4, "_wandb": {"runtime": 128}}