{"train_accuracy": 0.8922222222222222, "train_error": 0.4232770731734591, "val_accuracy": 0.8811666666666667, "val_error": 0.48818356471367225, "_timestamp": 1679144371.9846745, "_runtime": 97.5701265335083, "_step": 9, "_wandb": {"runtime": 96}}