{"train_accuracy": 0.8785740740740741, "train_error": 0.4865147333700552, "val_accuracy": 0.8711666666666666, "val_error": 0.5175583102620945, "_timestamp": 1678529991.740981, "_runtime": 179.48840498924255, "_step": 9, "_wandb": {"runtime": 178}}