{"train_accuracy": 0.8513703703703703, "train_error": 0.6008414892328511, "val_accuracy": 0.8498333333333333, "val_error": 0.6092931439720578, "_timestamp": 1678537656.5048509, "_runtime": 124.19123578071594, "_step": 9, "_wandb": {"runtime": 123}}