{"train_accuracy": 0.8748148148148148, "train_error": 0.48133245048857054, "val_accuracy": 0.8675, "val_error": 0.52544672999677, "_timestamp": 1679138302.1521592, "_runtime": 157.34617924690247, "_step": 7, "_wandb": {"runtime": 155}}