{"train_accuracy": 0.8736296296296296, "train_error": 0.49101377343000674, "val_accuracy": 0.864, "val_error": 0.580272410825827, "_timestamp": 1678172109.589496, "_runtime": 205.30517482757568, "_step": 9, "_wandb": {"runtime": 204}}