{"train_accuracy": 0.8935185185185185, "train_error": 0.4145791728709867, "val_accuracy": 0.8628333333333333, "val_error": 0.5473812341743147, "_timestamp": 1678530111.8164213, "_runtime": 104.41219234466553, "_step": 9, "_wandb": {"runtime": 103}}