{"train_accuracy": 0.9000925925925926, "train_error": 0.38851612248868045, "val_accuracy": 0.8878333333333334, "val_error": 0.46414200493275976, "_timestamp": 1679111920.6950247, "_runtime": 79.20005083084106, "_step": 9, "_wandb": {"runtime": 78}}