{"train_accuracy": 0.8773333333333333, "train_error": 0.48254184620998497, "val_accuracy": 0.8733333333333333, "val_error": 0.5115159899276933, "_timestamp": 1678151878.7074916, "_runtime": 233.9678816795349, "_step": 9, "_wandb": {"runtime": 233}}