{"train_accuracy": 0.8868333333333334, "train_error": 0.44210560619590245, "val_accuracy": 0.8756666666666667, "val_error": 0.4965133628358301, "_timestamp": 1678133182.4315503, "_runtime": 206.06581926345825, "_step": 9, "_wandb": {"runtime": 205}}