{"train_accuracy": 0.8114814814814815, "train_error": 0.34144799410177606, "val_accuracy": 0.7983333333333333, "val_error": 0.3745749681626604, "_timestamp": 1679131642.6188529, "_runtime": 215.71029376983643, "_step": 9, "_wandb": {"runtime": 214}}