{"train_accuracy": 0.8769259259259259, "train_error": 0.47768049849822186, "val_accuracy": 0.8758333333333334, "val_error": 0.50162572252266, "_timestamp": 1679143256.3267553, "_runtime": 108.18263936042786, "_step": 4, "_wandb": {"runtime": 107}}