{"train_accuracy": 0.8661481481481481, "train_error": 0.5259883372471107, "val_accuracy": 0.852, "val_error": 0.6047381815172189, "_timestamp": 1678531381.826441, "_runtime": 61.87803411483765, "_step": 4, "_wandb": {"runtime": 60}}