{"train_accuracy": 0.8058888888888889, "train_error": 0.37147323008686584, "val_accuracy": 0.7925, "val_error": 0.4776781304958396, "_timestamp": 1679069360.1529858, "_runtime": 90.8695158958435, "_step": 7, "_wandb": {"runtime": 90}}