{"train_accuracy": 0.881537037037037, "train_error": 0.45406708762675446, "val_accuracy": 0.8741666666666666, "val_error": 0.5197138708007115, "_timestamp": 1679086627.6994936, "_runtime": 88.42060971260071, "_step": 4, "_wandb": {"runtime": 87}}