{"train_accuracy": 0.8964814814814814, "train_error": 0.4119266257764243, "val_accuracy": 0.884, "val_error": 0.4579771751357283, "_timestamp": 1678550572.243012, "_runtime": 86.28050804138184, "_step": 9, "_wandb": {"runtime": 85}}