{"train_accuracy": 0.9038703703703703, "train_error": 0.36415640235970675, "val_accuracy": 0.8853333333333333, "val_error": 0.4677061259392116, "_timestamp": 1679100912.7241445, "_runtime": 157.90073943138123, "_step": 9, "_wandb": {"runtime": 157}}