{"train_accuracy": 0.8881666666666667, "train_error": 0.4455869354869633, "val_accuracy": 0.878, "val_error": 0.49532583013192066, "_timestamp": 1679148412.2467456, "_runtime": 70.63377857208252, "_step": 9, "_wandb": {"runtime": 68}}