{"train_accuracy": 0.8534444444444444, "train_error": 0.6346674575742773, "val_accuracy": 0.8461666666666666, "val_error": 0.6775924077503297, "_timestamp": 1678159773.4990542, "_runtime": 233.9083812236786, "_step": 9, "_wandb": {"runtime": 233}}