{"train_accuracy": 0.8606296296296296, "train_error": 0.5531006316876428, "val_accuracy": 0.8573333333333333, "val_error": 0.568048718140855, "_timestamp": 1679086213.9338593, "_runtime": 96.9344494342804, "_step": 4, "_wandb": {"runtime": 96}}