{"train_accuracy": 0.8698333333333333, "train_error": 0.528600640631084, "val_accuracy": 0.8646666666666667, "val_error": 0.5573838270711007, "_timestamp": 1678140433.6567771, "_runtime": 149.32786512374878, "_step": 9, "_wandb": {"runtime": 148}}