{"train_accuracy": 0.8826296296296297, "train_error": 0.46495791561891375, "val_accuracy": 0.8705, "val_error": 0.5463062150279118, "_timestamp": 1679084833.4814157, "_runtime": 109.10562372207642, "_step": 9, "_wandb": {"runtime": 107}}