{"train_accuracy": 0.9001666666666667, "train_error": 0.37853064147772725, "val_accuracy": 0.8865, "val_error": 0.44603928401570875, "_timestamp": 1678525119.2757285, "_runtime": 139.56833457946777, "_step": 9, "_wandb": {"runtime": 138}}