{"train_accuracy": 0.8880925925925925, "train_error": 0.42602343433578876, "val_accuracy": 0.8781666666666667, "val_error": 0.49290852226644194, "_timestamp": 1679143414.6751409, "_runtime": 142.31239581108093, "_step": 7, "_wandb": {"runtime": 140}}