{"train_accuracy": 0.8549444444444444, "train_error": 1.0307940988485267, "val_accuracy": 0.8401666666666666, "val_error": 1.8382707297082064, "_timestamp": 1679082838.9036045, "_runtime": 184.44639945030212, "_step": 9, "_wandb": {"runtime": 182}}