{"train_accuracy": 0.8996666666666666, "train_error": 0.3823721258297477, "val_accuracy": 0.8866666666666667, "val_error": 0.47368279104653127, "_timestamp": 1679106425.4439342, "_runtime": 144.04450821876526, "_step": 9, "_wandb": {"runtime": 143}}