{"train_accuracy": 0.8865925925925926, "train_error": 0.45266962186595405, "val_accuracy": 0.8715, "val_error": 0.5047798520953886, "_timestamp": 1679112762.9257958, "_runtime": 78.20890879631042, "_step": 9, "_wandb": {"runtime": 77}}