{"train_accuracy": 0.8823703703703704, "train_error": 0.4690316625228627, "val_accuracy": 0.8741666666666666, "val_error": 0.5135609105891132, "_timestamp": 1678533560.1821513, "_runtime": 125.31711339950562, "_step": 9, "_wandb": {"runtime": 124}}