{"train_accuracy": 0.8802407407407408, "train_error": 0.468500332335504, "val_accuracy": 0.8678333333333333, "val_error": 0.5480389183356356, "_timestamp": 1678169829.0568192, "_runtime": 125.07698917388916, "_step": 9, "_wandb": {"runtime": 124}}