{"train_accuracy": 0.8671666666666666, "train_error": 0.5256834279162403, "val_accuracy": 0.8645, "val_error": 0.5438153787841962, "_timestamp": 1679138416.6859112, "_runtime": 98.55429124832153, "_step": 4, "_wandb": {"runtime": 97}}