{"train_accuracy": 0.09938888888888889, "train_error": 3.3249599577226427, "val_accuracy": 0.1055, "val_error": 3.3238174854785294, "_timestamp": 1678126375.9455214, "_runtime": 72.38880944252014, "_step": 4, "_wandb": {"runtime": 71}}