{"train_accuracy": 0.8720740740740741, "train_error": 0.5161024410911934, "val_accuracy": 0.8648333333333333, "val_error": 0.5418637703584074, "_timestamp": 1678529161.2774465, "_runtime": 71.1724784374237, "_step": 9, "_wandb": {"runtime": 70}}