{"train_accuracy": 0.8915185185185185, "train_error": 0.43398643191819847, "val_accuracy": 0.8801666666666667, "val_error": 0.48370806389000937, "_timestamp": 1678529071.8535442, "_runtime": 63.43872427940369, "_step": 9, "_wandb": {"runtime": 62}}