{"train_accuracy": 0.8827777777777778, "train_error": 0.453054141967642, "val_accuracy": 0.8721666666666666, "val_error": 0.5209833056086023, "_timestamp": 1678528075.381192, "_runtime": 100.75043606758118, "_step": 7, "_wandb": {"runtime": 99}}