{"train_accuracy": 0.7743333333333333, "train_error": 0.8735423501481926, "val_accuracy": 0.7746666666666666, "val_error": 0.8789669777260324, "_timestamp": 1679109039.8683474, "_runtime": 70.33998250961304, "_step": 7, "_wandb": {"runtime": 69}}