{"train_accuracy": 0.878537037037037, "train_error": 0.4967350677376191, "val_accuracy": 0.8748333333333334, "val_error": 0.5222061944645148, "_timestamp": 1679144861.2301648, "_runtime": 80.0210108757019, "_step": 9, "_wandb": {"runtime": 77}}