{"train_accuracy": 0.8890925925925925, "train_error": 0.4240453594067335, "val_accuracy": 0.862, "val_error": 0.5694865330391441, "_timestamp": 1679109219.999077, "_runtime": 159.4341161251068, "_step": 9, "_wandb": {"runtime": 158}}