{"train_accuracy": 0.8909074074074074, "train_error": 0.4133490357246996, "val_accuracy": 0.8781666666666667, "val_error": 0.48391086855729953, "_timestamp": 1678130154.9743457, "_runtime": 211.2725865840912, "_step": 9, "_wandb": {"runtime": 210}}