{"train_accuracy": 0.8646851851851852, "train_error": 0.5233471347566483, "val_accuracy": 0.8583333333333333, "val_error": 0.5502893992015365, "_timestamp": 1679090451.4461167, "_runtime": 73.30695462226868, "_step": 4, "_wandb": {"runtime": 72}}