{"train_accuracy": 0.8745185185185185, "train_error": 0.4942469800981777, "val_accuracy": 0.8708333333333333, "val_error": 0.5181381068131017, "_timestamp": 1679146097.8360806, "_runtime": 82.52766752243042, "_step": 4, "_wandb": {"runtime": 81}}