{"train_accuracy": 0.876, "train_error": 0.4712312097512193, "val_accuracy": 0.8573333333333333, "val_error": 0.5738775371564283, "_timestamp": 1678134553.3858478, "_runtime": 288.55627369880676, "_step": 9, "_wandb": {"runtime": 287}}