{"train_accuracy": 0.8759814814814815, "train_error": 0.4648657747238771, "val_accuracy": 0.8648333333333333, "val_error": 0.5237009567008813, "_timestamp": 1679137421.2772357, "_runtime": 62.337026834487915, "_step": 4, "_wandb": {"runtime": 65}}