{"train_accuracy": 0.8779074074074074, "train_error": 0.49197693922759844, "val_accuracy": 0.8708333333333333, "val_error": 0.5216602476383686, "_timestamp": 1678539495.6037946, "_runtime": 67.21930360794067, "_step": 7, "_wandb": {"runtime": 66}}