{"train_accuracy": 0.1004074074074074, "train_error": 3.355006211452036, "val_accuracy": 0.09666666666666666, "val_error": 3.609420203009542, "_timestamp": 1679139344.3842454, "_runtime": 148.105628490448, "_step": 9, "_wandb": {"runtime": 146}}