{"train_accuracy": 0.8062962962962963, "train_error": 0.2807606924968705, "val_accuracy": 0.8076666666666666, "val_error": 0.2823781181098646, "_timestamp": 1679069749.5546381, "_runtime": 88.81247210502625, "_step": 9, "_wandb": {"runtime": 87}}