{"train_accuracy": 0.8858518518518519, "train_error": 0.16864730773021075, "val_accuracy": 0.8658333333333333, "val_error": 0.19523246456452606, "_timestamp": 1679131408.789456, "_runtime": 65.88692283630371, "_step": 7, "_wandb": {"runtime": 65}}