{"train_accuracy": 0.8440555555555556, "train_error": 0.23140762206952126, "val_accuracy": 0.8288333333333333, "val_error": 0.2615389590136456, "_timestamp": 1679072360.4603517, "_runtime": 69.55441880226135, "_step": 4, "_wandb": {"runtime": 66}}