{"train_accuracy": 0.865, "train_error": 0.19883335939809488, "val_accuracy": 0.8583333333333333, "val_error": 0.20695280661620138, "_timestamp": 1679132097.4839664, "_runtime": 59.526878356933594, "_step": 7, "_wandb": {"runtime": 58}}