{"train_accuracy": 0.8222037037037037, "train_error": 0.6854210276265211, "val_accuracy": 0.8243333333333334, "val_error": 0.6995999029475318, "_timestamp": 1678161099.3489642, "_runtime": 126.15917229652405, "_step": 9, "_wandb": {"runtime": 125}}