{"train_accuracy": 0.86, "train_error": 0.5566983988090244, "val_accuracy": 0.86, "val_error": 0.5699620596648601, "_timestamp": 1679083628.3411903, "_runtime": 67.08858036994934, "_step": 4, "_wandb": {"runtime": 65}}