{"train_accuracy": 0.8893333333333333, "train_error": 0.43574242370983385, "val_accuracy": 0.8781666666666667, "val_error": 0.49619824298986925, "_timestamp": 1679096053.888732, "_runtime": 179.47947788238525, "_step": 9, "_wandb": {"runtime": 178}}