{"train_accuracy": 0.8468888888888889, "train_error": 0.629547762932432, "val_accuracy": 0.8465, "val_error": 0.6404751191666977, "_timestamp": 1679082434.650618, "_runtime": 93.70824003219604, "_step": 4, "_wandb": {"runtime": 92}}