{"train_accuracy": 0.8871851851851852, "train_error": 0.44077084652281645, "val_accuracy": 0.8748333333333334, "val_error": 0.5302139331525791, "_timestamp": 1678142670.4148417, "_runtime": 145.81272673606873, "_step": 9, "_wandb": {"runtime": 144}}