{"train_accuracy": 0.8667777777777778, "train_error": 0.523291096588302, "val_accuracy": 0.863, "val_error": 0.5448845689218353, "_timestamp": 1679140036.8420005, "_runtime": 86.38142657279968, "_step": 7, "_wandb": {"runtime": 84}}