{"train_accuracy": 0.7680185185185185, "train_error": 0.31195451190524365, "val_accuracy": 0.7295, "val_error": 0.3564042782804251, "_timestamp": 1679134566.572132, "_runtime": 253.11948204040527, "_step": 9, "_wandb": {"runtime": 251}}