{"train_accuracy": 0.8546296296296296, "train_error": 0.5879266429697252, "val_accuracy": 0.8475, "val_error": 0.6165553150858696, "_timestamp": 1678150855.4655118, "_runtime": 144.90117073059082, "_step": 9, "_wandb": {"runtime": 144}}