{"train_accuracy": 0.6434074074074074, "train_error": 1.4318560873691353, "val_accuracy": 0.6401666666666667, "val_error": 1.4410288997468266, "_timestamp": 1679213023.3142412, "_runtime": 73.64060616493225, "_step": 8, "my_conf_mat_id_table": {"_type": "table-file", "sha256": "160593d98527358da1c20e2af7133573c782b63d8937fd0cf578178c3f131d20", "size": 2955, "artifact_path": "wandb-client-artifact://k1zr6tza17qptwqf6h0qs28iv54kxkcaxxruclkz1e6k77j2knzv3n5dnrtcolgdjq66bn8h6a8f9liutgciaagik9bvpdqi7qjjgnrh426k9e04ss6497qy80rfkicu:latest/my_conf_mat_id_table.table.json", "_latest_artifact_path": "wandb-client-artifact://k1zr6tza17qptwqf6h0qs28iv54kxkcaxxruclkz1e6k77j2knzv3n5dnrtcolgdjq66bn8h6a8f9liutgciaagik9bvpdqi7qjjgnrh426k9e04ss6497qy80rfkicu:latest/my_conf_mat_id_table.table.json", "path": "media/table/my_conf_mat_id_table_8_160593d98527358da1c2.table.json", "ncols": 3, "nrows": 100}, "_wandb": {"runtime": 72}}