{"train_accuracy": 0.8518888888888889, "train_error": 0.6145475053389897, "val_accuracy": 0.851, "val_error": 0.6247070338670777, "_timestamp": 1678531505.2654169, "_runtime": 104.43243288993835, "_step": 9, "_wandb": {"runtime": 103}}