{"train_accuracy": 0.8863703703703704, "train_error": 0.4345509155357433, "val_accuracy": 0.8593333333333333, "val_error": 0.6001880626673334, "_timestamp": 1679138581.5599928, "_runtime": 145.4076328277588, "_step": 9, "_wandb": {"runtime": 144}}