{"train_accuracy": 0.8837222222222222, "train_error": 0.4596589295987275, "val_accuracy": 0.8756666666666667, "val_error": 0.5050969610906713, "_timestamp": 1678132959.5367813, "_runtime": 234.05171632766724, "_step": 9, "_wandb": {"runtime": 233}}