{"train_accuracy": 0.8909074074074074, "train_error": 0.16290234112741706, "val_accuracy": 0.8706666666666667, "val_error": 0.19186137765497313, "_timestamp": 1679070811.1219702, "_runtime": 68.49622416496277, "_step": 9, "_wandb": {"runtime": 67}}