{"train_accuracy": 0.901074074074074, "train_error": 0.38416649743575987, "val_accuracy": 0.8836666666666667, "val_error": 0.4955284387453377, "_timestamp": 1679104128.7845953, "_runtime": 179.066721200943, "_step": 9, "_wandb": {"runtime": 178}}