{"train_accuracy": 0.8728148148148148, "train_error": 0.4887138217314414, "val_accuracy": 0.8571666666666666, "val_error": 0.564070199596184, "_timestamp": 1678171889.7281053, "_runtime": 161.38984632492065, "_step": 9, "_wandb": {"runtime": 160}}