{"train_accuracy": 0.8419814814814814, "train_error": 0.6401070584466151, "val_accuracy": 0.8425, "val_error": 0.6489485098405338, "_timestamp": 1679079778.4676156, "_runtime": 110.33541059494019, "_step": 7, "_wandb": {"runtime": 109}}