{"train_accuracy": 0.8755555555555555, "train_error": 0.48819609287172916, "val_accuracy": 0.8683333333333333, "val_error": 0.5228915953987855, "_timestamp": 1679094269.0750802, "_runtime": 180.27744007110596, "_step": 7, "_wandb": {"runtime": 179}}