{"train_accuracy": 0.8651296296296296, "train_error": 0.19467748455445819, "val_accuracy": 0.8618333333333333, "val_error": 0.20457194015839544, "_timestamp": 1679130977.6215808, "_runtime": 141.6423168182373, "_step": 9, "_wandb": {"runtime": 140}}