{"train_accuracy": 0.8808518518518519, "train_error": 0.46311596682519107, "val_accuracy": 0.8716666666666667, "val_error": 0.5128656484212468, "_timestamp": 1678178957.4417133, "_runtime": 145.8150932788849, "_step": 5}