{"train_accuracy": 0.8782222222222222, "train_error": 0.483825907279332, "val_accuracy": 0.8655, "val_error": 0.5497000967092336, "_timestamp": 1678143571.7831879, "_runtime": 154.74538397789001, "_step": 9, "_wandb": {"runtime": 154}}