{"train_accuracy": 0.8727777777777778, "train_error": 0.5028257080243768, "val_accuracy": 0.8548333333333333, "val_error": 0.591821101023264, "_timestamp": 1678535433.9845407, "_runtime": 75.09938669204712, "_step": 4, "_wandb": {"runtime": 74}}