{"train_accuracy": 0.8380555555555556, "train_error": 0.6500527314026053, "val_accuracy": 0.839, "val_error": 0.6637806758529858, "_timestamp": 1679085531.4564633, "_runtime": 97.73790526390076, "_step": 4, "_wandb": {"runtime": 96}}