{"train_accuracy": 0.8726851851851852, "train_error": 0.48549053422776733, "val_accuracy": 0.8678333333333333, "val_error": 0.5578241027929767, "_timestamp": 1678167619.228342, "_runtime": 112.55034399032593, "_step": 9, "_wandb": {"runtime": 111}}