{"train_accuracy": 0.9000185185185186, "train_error": 0.38582064081395545, "val_accuracy": 0.8875, "val_error": 0.464784559419562, "_timestamp": 1678536074.2303698, "_runtime": 156.11206984519958, "_step": 9, "_wandb": {"runtime": 155}}