{"train_accuracy": 0.8763148148148148, "train_error": 0.4949919019797849, "val_accuracy": 0.87, "val_error": 0.5317874643231311, "_timestamp": 1679099991.9632454, "_runtime": 63.43686127662659, "_step": 9, "_wandb": {"runtime": 62}}