{"train_accuracy": 0.8917037037037037, "train_error": 0.4173116371316021, "val_accuracy": 0.8656666666666667, "val_error": 0.5632205366660196, "_timestamp": 1679145219.567147, "_runtime": 162.14365792274475, "_step": 9, "_wandb": {"runtime": 161}}