{"train_accuracy": 0.8220555555555555, "train_error": 0.7368540941219358, "val_accuracy": 0.8245, "val_error": 0.7443858984188848, "_timestamp": 1679214578.528278, "_runtime": 142.0045120716095, "_step": 8, "my_conf_mat_id_table": {"_type": "table-file", "sha256": "eab9cc78a2e61796fbfd4e4e979b9a0bf844c0ea3709bd22dcfee1b7b64970cb", "size": 2940, "artifact_path": "wandb-client-artifact://y26o99v7quxy3e8vmf171dcc1xoi6odh32aea1856gpstgktbnmhvmbdx10vv2piu4orouw2vn9ba1agvrs1c6u4o807pehi7tugy4gik4yzzeupr4x2j4zw93znfw6g:latest/my_conf_mat_id_table.table.json", "_latest_artifact_path": "wandb-client-artifact://y26o99v7quxy3e8vmf171dcc1xoi6odh32aea1856gpstgktbnmhvmbdx10vv2piu4orouw2vn9ba1agvrs1c6u4o807pehi7tugy4gik4yzzeupr4x2j4zw93znfw6g:latest/my_conf_mat_id_table.table.json", "path": "media/table/my_conf_mat_id_table_8_eab9cc78a2e61796fbfd.table.json", "ncols": 3, "nrows": 100}, "_wandb": {"runtime": 141}}