{"train_accuracy": 0.885537037037037, "train_error": 0.44357879124962984, "val_accuracy": 0.8578333333333333, "val_error": 0.5906718234500268, "_timestamp": 1679109612.0878694, "_runtime": 183.62146139144897, "_step": 9, "_wandb": {"runtime": 182}}