{"train_accuracy": 0.8790370370370371, "train_error": 0.480399378818739, "val_accuracy": 0.868, "val_error": 0.5409221870448859, "_timestamp": 1678173404.4179957, "_runtime": 96.45476579666138, "_step": 9, "_wandb": {"runtime": 95}}