{"train_accuracy": 0.9108148148148149, "train_error": 0.3517850303534635, "val_accuracy": 0.8901666666666667, "val_error": 0.451406473742334, "_timestamp": 1678528213.2327926, "_runtime": 119.90087056159973, "_step": 9, "_wandb": {"runtime": 118}}