{"train_accuracy": 0.8922222222222222, "train_error": 0.15828098047854225, "val_accuracy": 0.8818333333333334, "val_error": 0.1756907300591992, "_timestamp": 1679165046.5859895, "_runtime": 116.3236653804779, "_step": 10, "my_conf_mat_id_table": {"_type": "table-file", "sha256": "b9a8fc2d5f5e40fdecd61da225e8c0677aa8bbcae177573ca454d0e4ab8be5ad", "size": 2930, "artifact_path": "wandb-client-artifact://akoiek2p1hlwbjl7x1h3oco5c81fwvdtgpoibk61vhv6t0lso4pvdwpkwtl7ffo6ajt9ica958q8u0gbz2g622tbgc5q5t5rf16y4yocka6k32ee5rtwroirbomheia2:latest/my_conf_mat_id_table.table.json", "_latest_artifact_path": "wandb-client-artifact://akoiek2p1hlwbjl7x1h3oco5c81fwvdtgpoibk61vhv6t0lso4pvdwpkwtl7ffo6ajt9ica958q8u0gbz2g622tbgc5q5t5rf16y4yocka6k32ee5rtwroirbomheia2:latest/my_conf_mat_id_table.table.json", "path": "media/table/my_conf_mat_id_table_10_b9a8fc2d5f5e40fdecd6.table.json", "ncols": 3, "nrows": 100}, "_wandb": {"runtime": 116}}