{"train_accuracy": 0.8690925925925926, "train_error": 0.19156203289311796, "val_accuracy": 0.8476666666666667, "val_error": 0.223641732273885, "_timestamp": 1679072074.6034713, "_runtime": 85.85576820373535, "_step": 4, "_wandb": {"runtime": 84}}