{"train_accuracy": 0.877962962962963, "train_error": 0.48748384496157365, "val_accuracy": 0.8688333333333333, "val_error": 0.5201300896920321, "_timestamp": 1678161463.1485353, "_runtime": 199.60999417304993, "_step": 9, "_wandb": {"runtime": 198}}