{"train_accuracy": 0.8875555555555555, "train_error": 0.44766676254018845, "val_accuracy": 0.8795, "val_error": 0.5007919269197336, "_timestamp": 1679114823.2524533, "_runtime": 125.69607329368591, "_step": 9, "_wandb": {"runtime": 124}}