{"train_accuracy": 0.8084444444444444, "train_error": 0.2753933613681334, "val_accuracy": 0.8055, "val_error": 0.2780594470195803, "_timestamp": 1679131324.496585, "_runtime": 73.28044891357422, "_step": 7, "_wandb": {"runtime": 72}}