{"train_accuracy": 0.8386851851851852, "train_error": 0.6651205504730452, "val_accuracy": 0.839, "val_error": 0.6749952732383023, "_timestamp": 1679210363.9315407, "_runtime": 125.11907768249512, "_step": 8, "my_conf_mat_id_table": {"_type": "table-file", "sha256": "77530347277e6df2795c8a9bf0a11bd0016e4a877298259671b90812e27bfb92", "size": 2937, "artifact_path": "wandb-client-artifact://d0h1lgyx3f6cjo2tlef7ly9t2qkl2be1zgemr47zlnncxu9mbh737iq293qg7klkmuo7zf1thsjtqf5jvpy6s9wnnw05u24gqwqhlj8ufv79ley9z8nmk6658vmgn679:latest/my_conf_mat_id_table.table.json", "_latest_artifact_path": "wandb-client-artifact://d0h1lgyx3f6cjo2tlef7ly9t2qkl2be1zgemr47zlnncxu9mbh737iq293qg7klkmuo7zf1thsjtqf5jvpy6s9wnnw05u24gqwqhlj8ufv79ley9z8nmk6658vmgn679:latest/my_conf_mat_id_table.table.json", "path": "media/table/my_conf_mat_id_table_8_77530347277e6df2795c.table.json", "ncols": 3, "nrows": 100}, "_wandb": {"runtime": 124}}