{"train_accuracy": 0.8870925925925925, "train_error": 0.44200496508295994, "val_accuracy": 0.883, "val_error": 0.48306069042688105, "_timestamp": 1678139996.7572117, "_runtime": 217.45450377464294, "_step": 9, "_wandb": {"runtime": 216}}