{"train_accuracy": 0.8999444444444444, "train_error": 0.3817405152664622, "val_accuracy": 0.8841666666666667, "val_error": 0.45884394081257535, "_timestamp": 1679145422.3815947, "_runtime": 179.29008865356445, "_step": 9, "_wandb": {"runtime": 178}}