{"train_accuracy": 0.8818703703703704, "train_error": 0.46589377895084405, "val_accuracy": 0.872, "val_error": 0.5086726863205543, "_timestamp": 1678162241.7001944, "_runtime": 161.04750037193298, "_step": 9, "_wandb": {"runtime": 160}}