{"train_accuracy": 0.8569074074074075, "train_error": 0.5868000065213207, "val_accuracy": 0.8481666666666666, "val_error": 0.6183222843748697, "_timestamp": 1678167492.175651, "_runtime": 124.9808201789856, "_step": 9, "_wandb": {"runtime": 124}}