{"train_accuracy": 0.8705555555555555, "train_error": 0.18801011303009646, "val_accuracy": 0.8645, "val_error": 0.19640856184285851, "_timestamp": 1679074239.5830865, "_runtime": 131.4166224002838, "_step": 4, "_wandb": {"runtime": 130}}