{"train_accuracy": 0.8866481481481482, "train_error": 0.44332090948176045, "val_accuracy": 0.8688333333333333, "val_error": 0.535629765752091, "_timestamp": 1679078966.2347062, "_runtime": 138.06883120536804, "_step": 7, "_wandb": {"runtime": 137}}