{"train_accuracy": 0.8573888888888889, "train_error": 0.2063232357596838, "val_accuracy": 0.8528333333333333, "val_error": 0.21243708794403282, "_timestamp": 1679073843.3629017, "_runtime": 161.3256537914276, "_step": 7, "_wandb": {"runtime": 160}}