{"train_accuracy": 0.8821666666666667, "train_error": 0.4515208940788628, "val_accuracy": 0.8591666666666666, "val_error": 0.5565714318572387, "_timestamp": 1679145855.7079403, "_runtime": 88.21463322639465, "_step": 9, "_wandb": {"runtime": 87}}