{"train_accuracy": 0.1004074074074074, "train_error": 3.3220005310454113, "val_accuracy": 0.09633333333333334, "val_error": 3.3224987498745953, "_timestamp": 1678125528.6191835, "_runtime": 33.15069365501404, "_step": 4, "_wandb": {"runtime": 32}}