{"train_accuracy": 0.8979814814814815, "train_error": 0.39897622308778863, "val_accuracy": 0.8876666666666667, "val_error": 0.4658500277994385, "_timestamp": 1679110827.3962927, "_runtime": 121.4319806098938, "_step": 9, "_wandb": {"runtime": 120}}