{"train_accuracy": 0.8723148148148148, "train_error": 0.48466499511013356, "val_accuracy": 0.8601666666666666, "val_error": 0.5730726677613154, "_timestamp": 1678168206.5866008, "_runtime": 225.82341980934143, "_step": 9, "_wandb": {"runtime": 224}}