{"train_accuracy": 0.8119814814814815, "train_error": 0.7412806283035303, "val_accuracy": 0.8056666666666666, "val_error": 0.7687700441138254, "_timestamp": 1679210218.7533457, "_runtime": 102.9230546951294, "_step": 10, "my_conf_mat_id_table": {"_type": "table-file", "sha256": "17076979a6e2160b85447eb41787dde738126bbf0fa4abffa25176680129130d", "size": 2942, "artifact_path": "wandb-client-artifact://brbbxjf129yz598c8h7ut85wrl12lmw2dig663bf116e0vkhnjjpl6b88nleb81tt3mhi2y38hyqsghkbvlt5uqne82rwnxwyctijgghgo5x7qf861td03yjrp6ufp9o:latest/my_conf_mat_id_table.table.json", "_latest_artifact_path": "wandb-client-artifact://brbbxjf129yz598c8h7ut85wrl12lmw2dig663bf116e0vkhnjjpl6b88nleb81tt3mhi2y38hyqsghkbvlt5uqne82rwnxwyctijgghgo5x7qf861td03yjrp6ufp9o:latest/my_conf_mat_id_table.table.json", "path": "media/table/my_conf_mat_id_table_10_17076979a6e2160b8544.table.json", "ncols": 3, "nrows": 100}, "_wandb": {"runtime": 101}}