{"train_accuracy": 0.8929444444444444, "train_error": 0.42286607754853267, "val_accuracy": 0.8748333333333334, "val_error": 0.5338127695561088, "_timestamp": 1678521550.7618256, "_runtime": 63.218000650405884, "_step": 9, "_wandb": {"runtime": 62}}