{"train_accuracy": 0.8732777777777778, "train_error": 0.5003524859593657, "val_accuracy": 0.8585, "val_error": 0.5727163546337773, "_timestamp": 1679110689.221656, "_runtime": 132.37930917739868, "_step": 7, "_wandb": {"runtime": 131}}