{"train_accuracy": 0.837925925925926, "train_error": 0.6640975636875521, "val_accuracy": 0.8376666666666667, "val_error": 0.6724304857929251, "_timestamp": 1678527056.394166, "_runtime": 84.44941210746765, "_step": 7, "_wandb": {"runtime": 83}}