{"train_accuracy": 0.8876296296296297, "train_error": 0.4449650205464695, "val_accuracy": 0.8728333333333333, "val_error": 0.4891342880892945, "_timestamp": 1679149093.4187942, "_runtime": 73.3365740776062, "_step": 9, "_wandb": {"runtime": 72}}