{"train_accuracy": 0.882, "train_error": 0.4603721263577742, "val_accuracy": 0.8633333333333333, "val_error": 0.5657256912520175, "_timestamp": 1678536661.87501, "_runtime": 129.52757906913757, "_step": 9, "_wandb": {"runtime": 128}}