{"train_accuracy": 0.8837777777777778, "train_error": 0.44236946235320457, "val_accuracy": 0.8678333333333333, "val_error": 0.517584133292244, "_timestamp": 1679096622.1937425, "_runtime": 117.65727257728577, "_step": 9, "_wandb": {"runtime": 116}}