{"train_accuracy": 0.8667962962962963, "train_error": 0.5303960550179871, "val_accuracy": 0.8646666666666667, "val_error": 0.5472055880098029, "_timestamp": 1679084327.4138207, "_runtime": 62.17234969139099, "_step": 4, "_wandb": {"runtime": 61}}