{"train_accuracy": 0.8769629629629629, "train_error": 0.5045828269195183, "val_accuracy": 0.871, "val_error": 0.5339938663816242, "_timestamp": 1679112882.6183066, "_runtime": 102.2183666229248, "_step": 9, "_wandb": {"runtime": 101}}