{"train_accuracy": 0.8513518518518518, "train_error": 0.21413025607382757, "val_accuracy": 0.8441666666666666, "val_error": 0.21889961847768966, "_timestamp": 1679076655.899718, "_runtime": 89.41134405136108, "_step": 4, "_wandb": {"runtime": 88}}