{"train_accuracy": 0.8605185185185186, "train_error": 0.5076003494871497, "val_accuracy": 0.8526666666666667, "val_error": 0.5703258594583295, "_timestamp": 1678131467.8056166, "_runtime": 213.0894296169281, "_step": 9, "_wandb": {"runtime": 212}}