{"train_accuracy": 0.8561666666666666, "train_error": 0.20726547285232144, "val_accuracy": 0.8583333333333333, "val_error": 0.21059617097650085, "_timestamp": 1679076724.4651043, "_runtime": 50.290369272232056, "_step": 4, "_wandb": {"runtime": 49}}