{"train_accuracy": 0.893074074074074, "train_error": 0.41331356854728135, "val_accuracy": 0.881, "val_error": 0.47297732354972094, "_timestamp": 1679106670.2173285, "_runtime": 111.8639304637909, "_step": 7, "_wandb": {"runtime": 111}}