{"train_accuracy": 0.8841111111111111, "train_error": 0.45454153785470824, "val_accuracy": 0.8806666666666667, "val_error": 0.49610852027910657, "_timestamp": 1678156537.8521976, "_runtime": 249.42633271217346, "_step": 9, "_wandb": {"runtime": 248}}