{"train_accuracy": 0.8946481481481482, "train_error": 0.4144945859401914, "val_accuracy": 0.884, "val_error": 0.4653870843812944, "_timestamp": 1679102862.6922784, "_runtime": 81.84610748291016, "_step": 9, "_wandb": {"runtime": 81}}