{"train_accuracy": 0.8475, "train_error": 0.6271238795561893, "val_accuracy": 0.8496666666666667, "val_error": 0.6376817890007148, "_timestamp": 1678535073.243932, "_runtime": 100.1743381023407, "_step": 9, "_wandb": {"runtime": 99}}