{"train_accuracy": 0.8326296296296296, "train_error": 0.7038241757020771, "val_accuracy": 0.8376666666666667, "val_error": 0.7125459262209785, "_timestamp": 1679087321.187957, "_runtime": 92.7209701538086, "_step": 4, "_wandb": {"runtime": 91}}