{"train_accuracy": 0.9042592592592592, "train_error": 0.3782498013058117, "val_accuracy": 0.8905, "val_error": 0.45134561762761843, "_timestamp": 1678550467.8700566, "_runtime": 100.0246217250824, "_step": 7, "_wandb": {"runtime": 99}}