{"train_accuracy": 0.10037037037037037, "train_error": 3.322660548844843, "val_accuracy": 0.09666666666666666, "val_error": 3.322966631215782, "_timestamp": 1678147025.8772967, "_runtime": 111.14401459693909, "_step": 9, "_wandb": {"runtime": 110}}