{"train_accuracy": 0.8882777777777778, "train_error": 0.437605838056072, "val_accuracy": 0.8728333333333333, "val_error": 0.5147005157876032, "_timestamp": 1678551952.9227736, "_runtime": 108.91060066223145, "_step": 7, "_wandb": {"runtime": 108}}