{"train_accuracy": 0.8728518518518519, "train_error": 0.5185685146817062, "val_accuracy": 0.8638333333333333, "val_error": 0.5670457054623197, "_timestamp": 1678128261.7373805, "_runtime": 136.21720457077026, "_step": 9, "_wandb": {"runtime": 135}}