{"train_accuracy": 0.8725555555555555, "train_error": 0.5212657702364559, "val_accuracy": 0.8686666666666667, "val_error": 0.5466610040484241, "_timestamp": 1678530216.9960938, "_runtime": 85.62001967430115, "_step": 7, "_wandb": {"runtime": 84}}