{"train_accuracy": 0.8594074074074074, "train_error": 0.5628752785964802, "val_accuracy": 0.8518333333333333, "val_error": 0.5978690950704117, "_timestamp": 1678139172.9292104, "_runtime": 145.49666953086853, "_step": 9, "_wandb": {"runtime": 144}}