{"train_accuracy": 0.8680555555555556, "train_error": 0.5303932652076206, "val_accuracy": 0.8638333333333333, "val_error": 0.5574502199189256, "_timestamp": 1678157889.7271712, "_runtime": 171.71896028518677, "_step": 9, "_wandb": {"runtime": 170}}