{"train_accuracy": 0.8787037037037037, "train_error": 0.4897355351658352, "val_accuracy": 0.8748333333333334, "val_error": 0.5188832208534347, "_timestamp": 1678525467.6081982, "_runtime": 117.85604119300842, "_step": 9, "_wandb": {"runtime": 117}}