{"train_accuracy": 0.8847962962962963, "train_error": 0.4345415874704416, "val_accuracy": 0.8708333333333333, "val_error": 0.5214925422627865, "_timestamp": 1678522297.9422605, "_runtime": 107.13028454780579, "_step": 7, "_wandb": {"runtime": 106}}