{"train_accuracy": 0.882462962962963, "train_error": 0.4560059889333291, "val_accuracy": 0.87, "val_error": 0.5219465190116199, "_timestamp": 1678158639.9908483, "_runtime": 125.7890932559967, "_step": 9, "_wandb": {"runtime": 124}}