{"train_accuracy": 0.8455185185185186, "train_error": 0.6382302419270556, "val_accuracy": 0.8455, "val_error": 0.652926002392924, "_timestamp": 1679089784.934772, "_runtime": 168.71752905845642, "_step": 9, "_wandb": {"runtime": 167}}