{"train_accuracy": 0.8026666666666666, "train_error": 0.7585430058706125, "val_accuracy": 0.7996666666666666, "val_error": 0.7662034853021675, "_timestamp": 1678152273.1893735, "_runtime": 85.60421347618103, "_step": 9, "_wandb": {"runtime": 84}}