{"train_accuracy": 0.8771666666666667, "train_error": 0.17619952401899774, "val_accuracy": 0.8688333333333333, "val_error": 0.18782586298501353, "_timestamp": 1679076271.964051, "_runtime": 103.54572892189026, "_step": 4, "_wandb": {"runtime": 102}}