{"train_accuracy": 0.896074074074074, "train_error": 0.41520799093153854, "val_accuracy": 0.8833333333333333, "val_error": 0.4839236126179845, "_timestamp": 1679109931.687098, "_runtime": 99.52554607391357, "_step": 9, "_wandb": {"runtime": 98}}