{"train_accuracy": 0.8506666666666667, "train_error": 0.6128565672266527, "val_accuracy": 0.8486666666666667, "val_error": 0.627260316620823, "_timestamp": 1679215045.1058233, "_runtime": 108.67160820960999, "_step": 10, "my_conf_mat_id_table": {"_type": "table-file", "sha256": "f4cd065ac46f1cfd32f721e87b23d22e8a7e1c27a5c79e8cf85c255c2eab4182", "size": 2934, "artifact_path": "wandb-client-artifact://vdudsfadobk8rhk72tkwtbjhl9lo5x186ioyb40qxs427lzfna7kete160l5ravfci54hdto2eg56q292ts4ze72gqwqonar0azqclarivwriwqdg300z15sg8tb0c28:latest/my_conf_mat_id_table.table.json", "_latest_artifact_path": "wandb-client-artifact://vdudsfadobk8rhk72tkwtbjhl9lo5x186ioyb40qxs427lzfna7kete160l5ravfci54hdto2eg56q292ts4ze72gqwqonar0azqclarivwriwqdg300z15sg8tb0c28:latest/my_conf_mat_id_table.table.json", "path": "media/table/my_conf_mat_id_table_10_f4cd065ac46f1cfd32f7.table.json", "ncols": 3, "nrows": 100}, "_wandb": {"runtime": 107}}