{"train_accuracy": 0.8968703703703703, "train_error": 0.3882274867783961, "val_accuracy": 0.8778333333333334, "val_error": 0.4893445681548012, "_timestamp": 1679113832.766507, "_runtime": 182.5087649822235, "_step": 9, "_wandb": {"runtime": 181}}