{"train_accuracy": 0.8958333333333334, "train_error": 0.4065179945864575, "val_accuracy": 0.882, "val_error": 0.5250779173947113, "_timestamp": 1678140264.154094, "_runtime": 250.31435990333557, "_step": 9, "_wandb": {"runtime": 249}}