{"train_accuracy": 0.8949074074074074, "train_error": 0.15545223131687286, "val_accuracy": 0.8791666666666667, "val_error": 0.17781703530733417, "_timestamp": 1679165671.925291, "_runtime": 97.26892614364624, "_step": 10, "my_conf_mat_id_table": {"_type": "table-file", "sha256": "968f31af8aa9bc0ddc26286b17162884f3fe096609642e2d1e1115c79d394d2a", "size": 2930, "artifact_path": "wandb-client-artifact://z8ree29qpnmqm582v4vqylsptmo3uie230vek6k5bz5wtfsci3ije01752658cdcu71x38n2ahjp2q68du20amgwpntvmp1axv96afcqwp3e8iorjdqgopa3lnvujj7i:latest/my_conf_mat_id_table.table.json", "_latest_artifact_path": "wandb-client-artifact://z8ree29qpnmqm582v4vqylsptmo3uie230vek6k5bz5wtfsci3ije01752658cdcu71x38n2ahjp2q68du20amgwpntvmp1axv96afcqwp3e8iorjdqgopa3lnvujj7i:latest/my_conf_mat_id_table.table.json", "path": "media/table/my_conf_mat_id_table_10_968f31af8aa9bc0ddc26.table.json", "ncols": 3, "nrows": 100}, "_wandb": {"runtime": 102}}