{"train_accuracy": 0.8545555555555555, "train_error": 0.5823096562122082, "val_accuracy": 0.8548333333333333, "val_error": 0.5954224183320129, "_timestamp": 1679099526.8191772, "_runtime": 90.35778403282166, "_step": 4, "_wandb": {"runtime": 89}}