{"train_accuracy": 0.8372037037037037, "train_error": 0.24430100140666128, "val_accuracy": 0.8118333333333333, "val_error": 0.28601801231231455, "_timestamp": 1679069949.304229, "_runtime": 83.04610705375671, "_step": 9, "_wandb": {"runtime": 82}}