{"train_accuracy": 0.8845, "train_error": 0.4417209103023656, "val_accuracy": 0.8695, "val_error": 0.5278213924409596, "_timestamp": 1678144611.8302739, "_runtime": 162.44687795639038, "_step": 9, "_wandb": {"runtime": 161}}