{"train_accuracy": 0.8397037037037037, "train_error": 0.23543585709066078, "val_accuracy": 0.8293333333333334, "val_error": 0.25223122448420415, "_timestamp": 1679069845.3738663, "_runtime": 77.46100926399231, "_step": 9, "_wandb": {"runtime": 76}}