{"train_accuracy": 0.8665185185185185, "train_error": 0.5332151886693859, "val_accuracy": 0.8638333333333333, "val_error": 0.5606329034712795, "_timestamp": 1678166262.2020862, "_runtime": 289.5543882846832, "_step": 9, "_wandb": {"runtime": 288}}