{"train_accuracy": 0.8821111111111111, "train_error": 0.4642160328660783, "val_accuracy": 0.8751666666666666, "val_error": 0.5023654469210302, "_timestamp": 1679104990.2747076, "_runtime": 117.85211443901062, "_step": 9, "_wandb": {"runtime": 117}}