{"train_accuracy": 0.8826296296296297, "train_error": 0.46499002867142075, "val_accuracy": 0.8726666666666667, "val_error": 0.5370018482173311, "_timestamp": 1678169951.7375848, "_runtime": 103.77046275138855, "_step": 9, "_wandb": {"runtime": 103}}