{"train_accuracy": 0.8125740740740741, "train_error": 0.29707632487175895, "val_accuracy": 0.8095, "val_error": 0.3397331758139434, "_timestamp": 1679071965.3302345, "_runtime": 125.37172842025757, "_step": 7, "_wandb": {"runtime": 124}}