{"train_accuracy": 0.8985925925925926, "train_error": 0.38772256075902156, "val_accuracy": 0.8868333333333334, "val_error": 0.46340283980417984, "_timestamp": 1678549982.063399, "_runtime": 101.01829719543457, "_step": 9, "_wandb": {"runtime": 100}}