{"train_accuracy": 0.8615185185185186, "train_error": 0.5648855926415487, "val_accuracy": 0.8598333333333333, "val_error": 0.5861006482424901, "_timestamp": 1679094395.880588, "_runtime": 110.20140314102173, "_step": 9, "_wandb": {"runtime": 109}}