{"train_accuracy": 0.8299444444444445, "train_error": 0.7051449499310368, "val_accuracy": 0.8326666666666667, "val_error": 0.7062540795460098, "_timestamp": 1678524475.1613653, "_runtime": 72.71163034439087, "_step": 9, "_wandb": {"runtime": 71}}