{"train_accuracy": 0.8787407407407407, "train_error": 0.4693267021543992, "val_accuracy": 0.8641666666666666, "val_error": 0.5532614241378377, "_timestamp": 1679141440.1481671, "_runtime": 70.14662003517151, "_step": 4, "_wandb": {"runtime": 69}}