{"train_accuracy": 0.5352777777777777, "train_error": 1.4363761731733244, "val_accuracy": 0.5395, "val_error": 1.4392142714004859, "_timestamp": 1678133697.9287748, "_runtime": 210.1634259223938, "_step": 9, "_wandb": {"runtime": 209}}