{"train_accuracy": 0.8861111111111111, "train_error": 0.43181728411304127, "val_accuracy": 0.8675, "val_error": 0.5336766679116021, "_timestamp": 1678143727.8190434, "_runtime": 134.40299940109253, "_step": 9, "_wandb": {"runtime": 133}}