{"train_accuracy": 0.8655185185185185, "train_error": 0.5461867669264958, "val_accuracy": 0.8608333333333333, "val_error": 0.5742064555074615, "_timestamp": 1678137208.8585315, "_runtime": 164.74417543411255, "_step": 9, "_wandb": {"runtime": 163}}