{"train_accuracy": 0.6836111111111111, "train_error": 1.1542274841542288, "val_accuracy": 0.6855, "val_error": 1.1639863652846425, "_timestamp": 1679139726.4038572, "_runtime": 64.71002721786499, "_step": 4, "_wandb": {"runtime": 63}}