{"train_accuracy": 0.8586851851851852, "train_error": 0.565868929256759, "val_accuracy": 0.8588333333333333, "val_error": 0.5806585402827881, "_timestamp": 1679092758.1651237, "_runtime": 92.07471179962158, "_step": 4, "_wandb": {"runtime": 91}}