{"train_accuracy": 0.862462962962963, "train_error": 0.5585408883801299, "val_accuracy": 0.8585, "val_error": 0.6099137455483564, "_timestamp": 1679079578.8687668, "_runtime": 65.27686882019043, "_step": 4, "_wandb": {"runtime": 64}}