{"train_accuracy": 0.8665185185185185, "train_error": 0.21949321324458537, "val_accuracy": 0.8516666666666667, "val_error": 0.24767020797096143, "_timestamp": 1679134205.7298403, "_runtime": 202.79761624336243, "_step": 9, "_wandb": {"runtime": 201}}