{"train_accuracy": 0.8820185185185185, "train_error": 0.44358131074880724, "val_accuracy": 0.8715, "val_error": 0.5239049462974156, "_timestamp": 1678160236.0332987, "_runtime": 135.6983106136322, "_step": 9, "_wandb": {"runtime": 134}}