{"train_accuracy": 0.8485925925925926, "train_error": 0.6474970227837884, "val_accuracy": 0.842, "val_error": 0.7515626965345164, "_timestamp": 1679081037.1449418, "_runtime": 115.15221977233887, "_step": 7, "_wandb": {"runtime": 114}}