{"train_accuracy": 0.8867592592592592, "train_error": 0.45448200962477286, "val_accuracy": 0.8788333333333334, "val_error": 0.5506295636103515, "_timestamp": 1678168515.7384765, "_runtime": 289.28411841392517, "_step": 9, "_wandb": {"runtime": 288}}