{"train_accuracy": 0.8960555555555556, "train_error": 0.3922110537865969, "val_accuracy": 0.8746666666666667, "val_error": 0.5063907326908744, "_timestamp": 1679082638.3803287, "_runtime": 183.26046657562256, "_step": 9, "_wandb": {"runtime": 182}}