{"train_accuracy": 0.8863888888888889, "train_error": 0.43903521214532276, "val_accuracy": 0.8778333333333334, "val_error": 0.48728889144415277, "_timestamp": 1678175820.2594144, "_runtime": 252.07747340202332, "_step": 9, "_wandb": {"runtime": 251}}