{"train_accuracy": 0.8605925925925926, "train_error": 0.5580369279812242, "val_accuracy": 0.856, "val_error": 0.5835882250664938, "_timestamp": 1678526114.2051156, "_runtime": 66.44910144805908, "_step": 9, "_wandb": {"runtime": 65}}