{"train_accuracy": 0.8719074074074074, "train_error": 0.49198653488707844, "val_accuracy": 0.8678333333333333, "val_error": 0.5214365167948706, "_timestamp": 1679216249.0240958, "_runtime": 56.98589873313904, "_step": 5, "my_conf_mat_id_table": {"_type": "table-file", "sha256": "db7f25dd7d0e46126cb80c14a3dc1f5674c64872d3d4d99aec384fa13079e616", "size": 2933, "artifact_path": "wandb-client-artifact://be0jardhxrmo7ilh9yw8359kg3qxir4o09luhddab2g9sb829n18h73xcmkirxgvvlqmn4clzepidwolc41dtb09y4n1q6u0kgwttp07ibea0k63qxfunrf0ayl5do8w:latest/my_conf_mat_id_table.table.json", "_latest_artifact_path": "wandb-client-artifact://be0jardhxrmo7ilh9yw8359kg3qxir4o09luhddab2g9sb829n18h73xcmkirxgvvlqmn4clzepidwolc41dtb09y4n1q6u0kgwttp07ibea0k63qxfunrf0ayl5do8w:latest/my_conf_mat_id_table.table.json", "path": "media/table/my_conf_mat_id_table_5_db7f25dd7d0e46126cb8.table.json", "ncols": 3, "nrows": 100}, "_wandb": {"runtime": 55}}