{"train_accuracy": 0.9014629629629629, "train_error": 0.37859708494941324, "val_accuracy": 0.8856666666666667, "val_error": 0.46254840870994773, "_timestamp": 1678530808.425215, "_runtime": 182.14278507232666, "_step": 9, "_wandb": {"runtime": 181}}