{"train_accuracy": 0.8887222222222222, "train_error": 0.4217736826980952, "val_accuracy": 0.8695, "val_error": 0.5474301448953138, "_timestamp": 1678150396.9220958, "_runtime": 235.06525087356567, "_step": 9, "_wandb": {"runtime": 234}}