{"train_accuracy": 0.8591296296296296, "train_error": 0.5662997069312632, "val_accuracy": 0.8546666666666667, "val_error": 0.5852914349879889, "_timestamp": 1679084242.9846272, "_runtime": 177.24879336357117, "_step": 9, "_wandb": {"runtime": 175}}