{"train_accuracy": 0.8415, "train_error": 0.6347681420298731, "val_accuracy": 0.8356666666666667, "val_error": 0.6847450454804566, "_timestamp": 1678529447.3150456, "_runtime": 89.68785166740417, "_step": 7, "_wandb": {"runtime": 88}}