{"train_accuracy": 0.8438703703703704, "train_error": 0.6353540411413016, "val_accuracy": 0.843, "val_error": 0.6460152359554496, "_timestamp": 1679215262.7657676, "_runtime": 83.53880453109741, "_step": 5, "my_conf_mat_id_table": {"_type": "table-file", "sha256": "d8c7c38c9be3a86637126e5ab2b2e6b08de81bc8a0f22fee6caf4279dcf0b4c1", "size": 2938, "artifact_path": "wandb-client-artifact://6wqve0ang2ny3r06kzf8cahxfmw1xxupifxy09a0gagvlc0cso9l4mmrxw080an0yyqfa60qwdnp1y0vv2294fxpjhkcud800as7yh4wg0fiz7w45xsll7qdiwnz8f6l:latest/my_conf_mat_id_table.table.json", "_latest_artifact_path": "wandb-client-artifact://6wqve0ang2ny3r06kzf8cahxfmw1xxupifxy09a0gagvlc0cso9l4mmrxw080an0yyqfa60qwdnp1y0vv2294fxpjhkcud800as7yh4wg0fiz7w45xsll7qdiwnz8f6l:latest/my_conf_mat_id_table.table.json", "path": "media/table/my_conf_mat_id_table_5_d8c7c38c9be3a8663712.table.json", "ncols": 3, "nrows": 100}, "_wandb": {"runtime": 82}}