{"train_accuracy": 0.8832592592592593, "train_error": 0.46361247160294494, "val_accuracy": 0.8796666666666667, "val_error": 0.4947973097336205, "_timestamp": 1678156273.8901243, "_runtime": 225.07111430168152, "_step": 9, "_wandb": {"runtime": 224}}