{"train_accuracy": 0.8720185185185185, "train_error": 0.5174186095960797, "val_accuracy": 0.8683333333333333, "val_error": 0.5348539511108342, "_timestamp": 1679212928.9546063, "_runtime": 107.80098223686218, "_step": 8, "my_conf_mat_id_table": {"_type": "table-file", "sha256": "a93003306919eea165be3aabca41d93ad0feb9c517efb0e446a5b2a96da54629", "size": 2934, "artifact_path": "wandb-client-artifact://p0dx7hg4vzgq8bsflozetbfkcqiepbt53aj9ulbv8j5ena06ajfxmpjvfnj6llk40or9wh7sgr7d548rsknjid5e6l9zbgl0vphzrtqp2ma3k816xx97bn7c4icjo5t4:latest/my_conf_mat_id_table.table.json", "_latest_artifact_path": "wandb-client-artifact://p0dx7hg4vzgq8bsflozetbfkcqiepbt53aj9ulbv8j5ena06ajfxmpjvfnj6llk40or9wh7sgr7d548rsknjid5e6l9zbgl0vphzrtqp2ma3k816xx97bn7c4icjo5t4:latest/my_conf_mat_id_table.table.json", "path": "media/table/my_conf_mat_id_table_8_a93003306919eea165be.table.json", "ncols": 3, "nrows": 100}, "_wandb": {"runtime": 106}}