{"train_accuracy": 0.8750740740740741, "train_error": 0.5024944132996523, "val_accuracy": 0.8663333333333333, "val_error": 0.530357107252569, "_timestamp": 1678526607.0559154, "_runtime": 150.0084843635559, "_step": 9, "_wandb": {"runtime": 149}}