{"train_accuracy": 0.8973888888888889, "train_error": 0.3929278309172203, "val_accuracy": 0.8741666666666666, "val_error": 0.5324699972770022, "_timestamp": 1679108564.2390249, "_runtime": 283.5137617588043, "_step": 9, "_wandb": {"runtime": 282}}