{"train_accuracy": 0.8729259259259259, "train_error": 0.5086707882180715, "val_accuracy": 0.8643333333333333, "val_error": 0.5439148668904791, "_timestamp": 1679144657.9514537, "_runtime": 65.3399567604065, "_step": 9, "_wandb": {"runtime": 64}}