{"train_accuracy": 0.8832777777777778, "train_error": 0.44912975787416387, "val_accuracy": 0.8516666666666667, "val_error": 0.6117167319231296, "_timestamp": 1679142802.608945, "_runtime": 118.75202989578247, "_step": 7, "_wandb": {"runtime": 117}}