{"train_accuracy": 0.8674074074074074, "train_error": 0.5316923503644225, "val_accuracy": 0.8638333333333333, "val_error": 0.5611117027205995, "_timestamp": 1678163079.6329186, "_runtime": 276.5862786769867, "_step": 9, "_wandb": {"runtime": 275}}