{"train_accuracy": 0.8775, "train_error": 0.4878680924382391, "val_accuracy": 0.8743333333333333, "val_error": 0.512038468715943, "_timestamp": 1678533786.1809974, "_runtime": 123.68228030204773, "_step": 9, "_wandb": {"runtime": 122}}