{"train_accuracy": 0.8467777777777777, "train_error": 0.6261296366420075, "val_accuracy": 0.8441666666666666, "val_error": 0.6449015154877022, "_timestamp": 1679213476.3725219, "_runtime": 137.7149429321289, "_step": 10, "my_conf_mat_id_table": {"_type": "table-file", "sha256": "a55c3ba72c0aad0634773a8695fb24b6cdc866f56054504db929b79316b281d7", "size": 2937, "artifact_path": "wandb-client-artifact://qk9sws5l5rlh7fz0kefdz18t1vw05t3f0fucompb0bklnsinvcy4iucfj92sch0xkehemq0rmau72bdj97okh0wy811jkd87ynk9l7wqxora23khl7txuyc4t5lytyhp:latest/my_conf_mat_id_table.table.json", "_latest_artifact_path": "wandb-client-artifact://qk9sws5l5rlh7fz0kefdz18t1vw05t3f0fucompb0bklnsinvcy4iucfj92sch0xkehemq0rmau72bdj97okh0wy811jkd87ynk9l7wqxora23khl7txuyc4t5lytyhp:latest/my_conf_mat_id_table.table.json", "path": "media/table/my_conf_mat_id_table_10_a55c3ba72c0aad063477.table.json", "ncols": 3, "nrows": 100}, "_wandb": {"runtime": 136}}