{"train_accuracy": 0.878, "train_error": 0.17572996569831398, "val_accuracy": 0.8706666666666667, "val_error": 0.190258034650233, "_timestamp": 1679075219.4609025, "_runtime": 148.37923955917358, "_step": 4, "_wandb": {"runtime": 147}}