{"train_accuracy": 0.8852037037037037, "train_error": 0.44419301372925873, "val_accuracy": 0.8653333333333333, "val_error": 0.5562940241578537, "_timestamp": 1679103504.6237695, "_runtime": 125.69727158546448, "_step": 7, "_wandb": {"runtime": 124}}