{"train_accuracy": 0.8586481481481482, "train_error": 0.5667913165292444, "val_accuracy": 0.8563333333333333, "val_error": 0.5774042236343128, "_timestamp": 1678525212.7356987, "_runtime": 72.48188161849976, "_step": 9, "_wandb": {"runtime": 71}}