{"train_accuracy": 0.8094814814814815, "train_error": 0.27559952723744113, "val_accuracy": 0.8053333333333333, "val_error": 0.27746428177700233, "_timestamp": 1679132261.3350217, "_runtime": 55.32017469406128, "_step": 7, "_wandb": {"runtime": 54}}