{"train_accuracy": 0.8999444444444444, "train_error": 0.39051222877752295, "val_accuracy": 0.883, "val_error": 0.5043305143078282, "_timestamp": 1678540435.7884076, "_runtime": 120.84279656410217, "_step": 9, "_wandb": {"runtime": 120}}