{"train_accuracy": 0.8713518518518518, "train_error": 0.5159116459569155, "val_accuracy": 0.8643333333333333, "val_error": 0.5482011405698655, "_timestamp": 1678174123.930662, "_runtime": 269.23246693611145, "_step": 9, "_wandb": {"runtime": 268}}