{"train_accuracy": 0.887537037037037, "train_error": 0.4392709042554121, "val_accuracy": 0.8753333333333333, "val_error": 0.5152873757504336, "_timestamp": 1678165806.9628754, "_runtime": 214.92396235466003, "_step": 9, "_wandb": {"runtime": 214}}