{"train_accuracy": 0.8856851851851851, "train_error": 0.4466171985945347, "val_accuracy": 0.8766666666666667, "val_error": 0.4903681702165546, "_timestamp": 1678540815.519081, "_runtime": 155.48091220855713, "_step": 9, "_wandb": {"runtime": 154}}