{"train_accuracy": 0.8878703703703704, "train_error": 0.4354998551050579, "val_accuracy": 0.8746666666666667, "val_error": 0.5186866121408841, "_timestamp": 1679110342.6354532, "_runtime": 79.30169820785522, "_step": 9, "_wandb": {"runtime": 78}}