{"train_accuracy": 0.8784444444444445, "train_error": 0.4591213852992757, "val_accuracy": 0.8676666666666667, "val_error": 0.5291323537568863, "_timestamp": 1679080639.332247, "_runtime": 108.74968791007996, "_step": 4, "_wandb": {"runtime": 107}}