{"train_accuracy": 0.863037037037037, "train_error": 0.5512281334220371, "val_accuracy": 0.859, "val_error": 0.5783643044761765, "_timestamp": 1679141526.1334345, "_runtime": 69.75206351280212, "_step": 7, "_wandb": {"runtime": 68}}