{"train_accuracy": 0.8886666666666667, "train_error": 0.4327438875102557, "val_accuracy": 0.8615, "val_error": 0.5689655380693424, "_timestamp": 1678527777.5848022, "_runtime": 103.55185723304749, "_step": 9, "_wandb": {"runtime": 102}}