{"train_accuracy": 0.8544074074074074, "train_error": 0.5887134816187746, "val_accuracy": 0.8513333333333334, "val_error": 0.6075363226687973, "_timestamp": 1679140641.8073988, "_runtime": 97.15140271186829, "_step": 7, "_wandb": {"runtime": 96}}