{"train_accuracy": 0.8738518518518519, "train_error": 0.5049785268544642, "val_accuracy": 0.8658333333333333, "val_error": 0.5242265890276131, "_timestamp": 1679147838.5381372, "_runtime": 84.3949670791626, "_step": 9, "_wandb": {"runtime": 83}}