{"train_accuracy": 0.8642407407407408, "train_error": 0.5406002536796538, "val_accuracy": 0.8571666666666666, "val_error": 0.5768170612358648, "_timestamp": 1678162784.532036, "_runtime": 275.1944320201874, "_step": 9, "_wandb": {"runtime": 274}}