{"train_accuracy": 0.28275925925925927, "train_error": 2.6104548852954985, "val_accuracy": 0.2765, "val_error": 2.612265614029458, "_timestamp": 1679078137.1399052, "_runtime": 132.6762990951538, "_step": 7, "_wandb": {"runtime": 131}}