{"train_accuracy": 0.8987777777777778, "train_error": 0.37955112505293465, "val_accuracy": 0.884, "val_error": 0.47380018481878167, "_timestamp": 1678538933.7174718, "_runtime": 184.40194082260132, "_step": 9, "_wandb": {"runtime": 183}}