{"train_accuracy": 0.871537037037037, "train_error": 0.49066809050547755, "val_accuracy": 0.8653333333333333, "val_error": 0.542509332156244, "_timestamp": 1678125408.3861034, "_runtime": 92.06741046905518, "_step": 4, "_wandb": {"runtime": 91}}