{"train_accuracy": 0.8021666666666667, "train_error": 0.8016875873233767, "val_accuracy": 0.7996666666666666, "val_error": 0.8094349390117394, "_timestamp": 1679084906.329842, "_runtime": 52.73248505592346, "_step": 4, "_wandb": {"runtime": 51}}