{"train_accuracy": 0.8156851851851852, "train_error": 0.7391512224639986, "val_accuracy": 0.8113333333333334, "val_error": 0.7556821153009298, "_timestamp": 1678521643.4050236, "_runtime": 76.1213526725769, "_step": 9, "_wandb": {"runtime": 75}}