{"train_accuracy": 0.8367407407407408, "train_error": 0.24239978751603336, "val_accuracy": 0.8208333333333333, "val_error": 0.2660530024100208, "_timestamp": 1679073656.4593368, "_runtime": 100.22609686851501, "_step": 9, "_wandb": {"runtime": 99}}