{"train_accuracy": 0.8402777777777778, "train_error": 0.6384484107609208, "val_accuracy": 0.8313333333333334, "val_error": 0.6636219502785368, "_timestamp": 1679141845.7074726, "_runtime": 58.24733853340149, "_step": 7, "_wandb": {"runtime": 57}}