{"train_accuracy": 0.8758148148148148, "train_error": 0.4887807939296804, "val_accuracy": 0.8541666666666666, "val_error": 0.5877928522718766, "_timestamp": 1679096932.9179988, "_runtime": 101.35222172737122, "_step": 9, "_wandb": {"runtime": 100}}