{"train_accuracy": 0.8612407407407408, "train_error": 0.5623114216602572, "val_accuracy": 0.8583333333333333, "val_error": 0.5840759988585847, "_timestamp": 1679097680.340095, "_runtime": 91.6870379447937, "_step": 9, "_wandb": {"runtime": 90}}