{"train_accuracy": 0.8858888888888888, "train_error": 0.42830398342087844, "val_accuracy": 0.8741666666666666, "val_error": 0.5015170349536977, "_timestamp": 1679113414.5675857, "_runtime": 84.38904762268066, "_step": 9, "_wandb": {"runtime": 83}}