{"train_accuracy": 0.8308333333333333, "train_error": 0.697783853277682, "val_accuracy": 0.8366666666666667, "val_error": 0.7053678910444672, "_timestamp": 1678526956.257985, "_runtime": 96.39633417129517, "_step": 9, "_wandb": {"runtime": 95}}