{"train_accuracy": 0.8817592592592592, "train_error": 0.46066925916518703, "val_accuracy": 0.8623333333333333, "val_error": 0.5706306914378827, "_timestamp": 1679097104.7286196, "_runtime": 156.22072553634644, "_step": 7, "_wandb": {"runtime": 155}}