{"train_accuracy": 0.8597407407407407, "train_error": 0.5510972203989815, "val_accuracy": 0.8555, "val_error": 0.5903850130626228, "_timestamp": 1679142873.9580545, "_runtime": 54.64155864715576, "_step": 4, "_wandb": {"runtime": 53}}