{"train_accuracy": 0.9052407407407408, "train_error": 0.35595412787900516, "val_accuracy": 0.8863333333333333, "val_error": 0.4763192818211503, "_timestamp": 1678541324.5462487, "_runtime": 181.67556977272034, "_step": 9, "_wandb": {"runtime": 180}}