{"train_accuracy": 0.8831851851851852, "train_error": 0.4661559221874531, "val_accuracy": 0.8756666666666667, "val_error": 0.5043868677593223, "_timestamp": 1678134250.0415623, "_runtime": 225.52325630187988, "_step": 9, "_wandb": {"runtime": 224}}