{"train_accuracy": 0.8895925925925926, "train_error": 0.44623656431853836, "val_accuracy": 0.8823333333333333, "val_error": 0.48588363976215054, "_timestamp": 1679148061.538959, "_runtime": 71.96953797340393, "_step": 9, "_wandb": {"runtime": 71}}