{"train_accuracy": 0.8569814814814815, "train_error": 0.5734308002564321, "val_accuracy": 0.852, "val_error": 0.6058194811326013, "_timestamp": 1679216175.7550485, "_runtime": 64.26086759567261, "_step": 5, "my_conf_mat_id_table": {"_type": "table-file", "sha256": "2782e57163da879d3dbe9a16699a79799de6dba7b00956755d9c8350c0fad248", "size": 2938, "artifact_path": "wandb-client-artifact://lbbxgi1gzf919i7te8ktcffuz1iojv06wxbfnj8ij4rzp3yhm2pptr52l8r6v52uyxo5h5mgtk30183wf5q2r7a9j7sxp42rvng751cgvx6zty1jzhu0dbjbncxno1nc:latest/my_conf_mat_id_table.table.json", "_latest_artifact_path": "wandb-client-artifact://lbbxgi1gzf919i7te8ktcffuz1iojv06wxbfnj8ij4rzp3yhm2pptr52l8r6v52uyxo5h5mgtk30183wf5q2r7a9j7sxp42rvng751cgvx6zty1jzhu0dbjbncxno1nc:latest/my_conf_mat_id_table.table.json", "path": "media/table/my_conf_mat_id_table_5_2782e57163da879d3dbe.table.json", "ncols": 3, "nrows": 100}, "_wandb": {"runtime": 63}}