{"train_accuracy": 0.8826481481481482, "train_error": 0.4552649804436474, "val_accuracy": 0.8761666666666666, "val_error": 0.5034929402676417, "_timestamp": 1678147838.1684124, "_runtime": 289.3602933883667, "_step": 9, "_wandb": {"runtime": 288}}