{"train_accuracy": 0.8879074074074074, "train_error": 0.43769180634529287, "val_accuracy": 0.88, "val_error": 0.4823672184694918, "_timestamp": 1678141177.9950414, "_runtime": 288.16818928718567, "_step": 9, "_wandb": {"runtime": 287}}