{"train_accuracy": 0.8879259259259259, "train_error": 0.42593985247821387, "val_accuracy": 0.88, "val_error": 0.5061219724970003, "_timestamp": 1678178790.8047667, "_runtime": 228.19897961616516, "_step": 9, "_wandb": {"runtime": 227}}