{"train_accuracy": 0.8929814814814815, "train_error": 0.4278459229303105, "val_accuracy": 0.887, "val_error": 0.4704357389444329, "_timestamp": 1679162631.723728, "_runtime": 106.6163899898529, "_step": 10, "my_conf_mat_id_table": {"_type": "table-file", "sha256": "694a388f4cd83ac5c874947ffb78a5b5a70ad0ebb15b0631251fff8bdbb6d64d", "size": 2932, "artifact_path": "wandb-client-artifact://ufhk7b5e3wm72bvophp7n70ayki24va26artlsl6iz9uu1u12yl1cja26eg2boluboxi3s7mbc2h8ln4bubq6lffoqkmp3rectp6pdufa134u389ae6ch6aegc2zxr28:latest/my_conf_mat_id_table.table.json", "_latest_artifact_path": "wandb-client-artifact://ufhk7b5e3wm72bvophp7n70ayki24va26artlsl6iz9uu1u12yl1cja26eg2boluboxi3s7mbc2h8ln4bubq6lffoqkmp3rectp6pdufa134u389ae6ch6aegc2zxr28:latest/my_conf_mat_id_table.table.json", "path": "media/table/my_conf_mat_id_table_10_694a388f4cd83ac5c874.table.json", "ncols": 3, "nrows": 100}, "_wandb": {"runtime": 105}}