{"train_accuracy": 0.8895740740740741, "train_error": 0.4394374397263217, "val_accuracy": 0.883, "val_error": 0.47849777058624304, "_timestamp": 1678550140.1092045, "_runtime": 139.66336154937744, "_step": 9, "_wandb": {"runtime": 138}}