{"train_accuracy": 0.8813703703703704, "train_error": 0.45127692412290865, "val_accuracy": 0.8735, "val_error": 0.4995639893398236, "_timestamp": 1679088803.6592145, "_runtime": 62.075647592544556, "_step": 4, "_wandb": {"runtime": 61}}