{"train_accuracy": 0.8772037037037037, "train_error": 0.4877298730743763, "val_accuracy": 0.8641666666666666, "val_error": 0.5715705325016267, "_timestamp": 1678163566.3653388, "_runtime": 161.4891119003296, "_step": 9, "_wandb": {"runtime": 160}}