{"train_accuracy": 0.8425370370370371, "train_error": 0.6325014482847643, "val_accuracy": 0.8396666666666667, "val_error": 0.6471930893377869, "_timestamp": 1678538288.0582588, "_runtime": 91.18875980377197, "_step": 9, "_wandb": {"runtime": 90}}