{"train_accuracy": 0.8591481481481481, "train_error": 0.559060264120709, "val_accuracy": 0.8578333333333333, "val_error": 0.5725116127482704, "_timestamp": 1679102476.9861486, "_runtime": 218.63960671424866, "_step": 9, "_wandb": {"runtime": 217}}