{"train_accuracy": 0.889537037037037, "train_error": 0.4284665773928244, "val_accuracy": 0.8548333333333333, "val_error": 0.5982830532806377, "_timestamp": 1678541125.4493265, "_runtime": 159.38238263130188, "_step": 9, "_wandb": {"runtime": 158}}