{"train_accuracy": 0.8873148148148148, "train_error": 0.44384145895548127, "val_accuracy": 0.883, "val_error": 0.48177410577860624, "_timestamp": 1679105587.086758, "_runtime": 179.59313678741455, "_step": 9, "_wandb": {"runtime": 178}}