{"train_accuracy": 0.8790555555555556, "train_error": 0.47148528692290137, "val_accuracy": 0.8588333333333333, "val_error": 0.5564169327298367, "_timestamp": 1678539412.0045211, "_runtime": 90.81016707420349, "_step": 9, "_wandb": {"runtime": 90}}