{"train_accuracy": 0.867537037037037, "train_error": 0.5258286854374086, "val_accuracy": 0.8588333333333333, "val_error": 0.5605779206229967, "_timestamp": 1679087212.185074, "_runtime": 85.49752998352051, "_step": 7, "_wandb": {"runtime": 84}}