{"train_accuracy": 0.8947037037037037, "train_error": 0.4131652490972724, "val_accuracy": 0.8833333333333333, "val_error": 0.4693599088071071, "_timestamp": 1678523531.1197715, "_runtime": 94.32857155799866, "_step": 9, "_wandb": {"runtime": 93}}