{"train_accuracy": 0.861462962962963, "train_error": 0.5677249994688238, "val_accuracy": 0.8578333333333333, "val_error": 0.5909619661158022, "_timestamp": 1678169105.8291264, "_runtime": 154.7260284423828, "_step": 9, "_wandb": {"runtime": 153}}