{"train_accuracy": 0.8739629629629629, "train_error": 0.4653752444521751, "val_accuracy": 0.862, "val_error": 0.5372888858529065, "_timestamp": 1678133472.3689525, "_runtime": 271.3011004924774, "_step": 9, "_wandb": {"runtime": 270}}