{"train_accuracy": 0.8637037037037038, "train_error": 0.549732912036398, "val_accuracy": 0.8608333333333333, "val_error": 0.5684287035279331, "_timestamp": 1679087110.944094, "_runtime": 53.89574885368347, "_step": 4, "_wandb": {"runtime": 53}}