{"train_accuracy": 0.8700555555555556, "train_error": 0.19004971900225207, "val_accuracy": 0.8648333333333333, "val_error": 0.19817345791291718, "_timestamp": 1679155273.36215, "_runtime": 209.9164638519287, "_step": 9, "_wandb": {"runtime": 213}}