{"train_accuracy": 0.8844444444444445, "train_error": 0.16883297940629152, "val_accuracy": 0.871, "val_error": 0.18568440208150333, "_timestamp": 1679076000.0820312, "_runtime": 56.64037728309631, "_step": 7, "_wandb": {"runtime": 55}}