{"train_accuracy": 0.8838703703703704, "train_error": 0.1697133506931163, "val_accuracy": 0.8755, "val_error": 0.18132121546164104, "_timestamp": 1679068850.682784, "_runtime": 63.44913411140442, "_step": 4, "_wandb": {"runtime": 64}}