{"train_accuracy": 0.8807222222222222, "train_error": 0.46833039407549487, "val_accuracy": 0.869, "val_error": 0.5102986483973027, "_timestamp": 1679105177.962022, "_runtime": 171.04349517822266, "_step": 9, "_wandb": {"runtime": 170}}