{"train_accuracy": 0.8363518518518519, "train_error": 0.6657162742288703, "val_accuracy": 0.8373333333333334, "val_error": 0.6781612913283384, "_timestamp": 1678534706.9363809, "_runtime": 93.32542395591736, "_step": 9, "_wandb": {"runtime": 92}}