{"train_accuracy": 0.8990370370370371, "train_error": 0.3995788399161796, "val_accuracy": 0.8868333333333334, "val_error": 0.45933554565878143, "_timestamp": 1678524734.8645296, "_runtime": 81.7161455154419, "_step": 9, "_wandb": {"runtime": 80}}