{"train_accuracy": 0.7655185185185185, "train_error": 1.0454962079042753, "val_accuracy": 0.7601666666666667, "val_error": 1.0525364054968598, "_timestamp": 1679211177.233097, "_runtime": 60.66761612892151, "_step": 5, "my_conf_mat_id_table": {"_type": "table-file", "sha256": "2e545bf4a09de87c45e67e2e2e8ebbb1212b7dd95f1f656ad57bfcf3ec71f83e", "size": 2948, "artifact_path": "wandb-client-artifact://zwzuivygnps6pw087bca46z8kl5h4w8b0hv5ipskr5qr1n7nok7vobqf4m8gdytj73mdpvy974ownek3x6qak3zidlohfbff1r4i5mi2ayj0chrx4zco7p0lssesffbh:latest/my_conf_mat_id_table.table.json", "_latest_artifact_path": "wandb-client-artifact://zwzuivygnps6pw087bca46z8kl5h4w8b0hv5ipskr5qr1n7nok7vobqf4m8gdytj73mdpvy974ownek3x6qak3zidlohfbff1r4i5mi2ayj0chrx4zco7p0lssesffbh:latest/my_conf_mat_id_table.table.json", "path": "media/table/my_conf_mat_id_table_5_2e545bf4a09de87c45e6.table.json", "ncols": 3, "nrows": 100}, "_wandb": {"runtime": 59}}