{"train_accuracy": 0.8827777777777778, "train_error": 0.4630232956840688, "val_accuracy": 0.877, "val_error": 0.505106938566541, "_timestamp": 1678144918.84756, "_runtime": 155.35886001586914, "_step": 9, "_wandb": {"runtime": 154}}