{"train_accuracy": 0.6780185185185185, "train_error": 1.1807922220130798, "val_accuracy": 0.682, "val_error": 1.1853613124946656, "_timestamp": 1678138210.7581446, "_runtime": 118.92096471786499, "_step": 9, "_wandb": {"runtime": 118}}