{"train_accuracy": 0.7257037037037037, "train_error": 0.9978834668320816, "val_accuracy": 0.7276666666666667, "val_error": 0.9910029957089357, "_timestamp": 1678126797.805675, "_runtime": 121.9534981250763, "_step": 4}