{"train_accuracy": 0.8586851851851852, "train_error": 0.557757202105445, "val_accuracy": 0.853, "val_error": 0.5987310724309223, "_timestamp": 1679080039.6772587, "_runtime": 55.17718172073364, "_step": 4, "_wandb": {"runtime": 53}}