{"train_accuracy": 0.8685555555555555, "train_error": 0.5344504185504051, "val_accuracy": 0.8666666666666667, "val_error": 0.5623724861099949, "_timestamp": 1678528456.0607457, "_runtime": 89.39474773406982, "_step": 9, "_wandb": {"runtime": 88}}