{"train_accuracy": 0.8691296296296296, "train_error": 0.5275987648386576, "val_accuracy": 0.8625, "val_error": 0.5612343192572881, "_timestamp": 1679080834.9194608, "_runtime": 54.619608879089355, "_step": 4, "_wandb": {"runtime": 53}}