{"train_accuracy": 0.7974814814814815, "train_error": 0.8163079825065215, "val_accuracy": 0.792, "val_error": 0.8479304941711725, "_timestamp": 1679089298.595803, "_runtime": 104.14173913002014, "_step": 7, "_wandb": {"runtime": 103}}