{"train_accuracy": 0.10037037037037037, "train_error": 3.3231941766340745, "val_accuracy": 0.09666666666666666, "val_error": 3.323123736325374, "_timestamp": 1678126657.1169443, "_runtime": 41.27644634246826, "_step": 4, "_wandb": {"runtime": 40}}