{"train_accuracy": 0.8709074074074074, "train_error": 0.5108527188555376, "val_accuracy": 0.8681666666666666, "val_error": 0.5426069798764683, "_timestamp": 1679094620.78758, "_runtime": 116.82848310470581, "_step": 7, "_wandb": {"runtime": 116}}