{"train_accuracy": 0.8680555555555556, "train_error": 0.5279604564072039, "val_accuracy": 0.8638333333333333, "val_error": 0.5490381459174601, "_timestamp": 1679100538.5894337, "_runtime": 39.6464307308197, "_step": 4, "_wandb": {"runtime": 38}}