{"train_accuracy": 0.875462962962963, "train_error": 0.17824963679502837, "val_accuracy": 0.8671666666666666, "val_error": 0.1897338866202477, "_timestamp": 1679076357.5085151, "_runtime": 65.13050413131714, "_step": 4, "_wandb": {"runtime": 63}}