{"train_accuracy": 0.868, "train_error": 0.5180809115467001, "val_accuracy": 0.8611666666666666, "val_error": 0.5564582660599905, "_timestamp": 1679081705.3752854, "_runtime": 66.59935331344604, "_step": 4, "_wandb": {"runtime": 65}}