{"train_accuracy": 0.8915, "train_error": 0.41727891211748586, "val_accuracy": 0.8621666666666666, "val_error": 0.5617926961079119, "_timestamp": 1679104853.0705705, "_runtime": 204.597496509552, "_step": 9, "_wandb": {"runtime": 203}}