{"train_accuracy": 0.8841481481481481, "train_error": 0.4549975846984609, "val_accuracy": 0.8766666666666667, "val_error": 0.49181857632028875, "_timestamp": 1678127684.9793446, "_runtime": 226.43371748924255, "_step": 9, "_wandb": {"runtime": 225}}