{"train_accuracy": 0.09938888888888889, "train_error": 3.3245600467976457, "val_accuracy": 0.1055, "val_error": 3.3244709137549715, "_timestamp": 1678172988.7244837, "_runtime": 160.23806071281433, "_step": 9, "_wandb": {"runtime": 159}}