{"train_accuracy": 0.8393518518518519, "train_error": 0.645666501366524, "val_accuracy": 0.84, "val_error": 0.6686436523828397, "_timestamp": 1678550882.7020514, "_runtime": 83.05674839019775, "_step": 7, "_wandb": {"runtime": 82}}