{"train_accuracy": 0.8528888888888889, "train_error": 0.6240640327567729, "val_accuracy": 0.8556666666666667, "val_error": 0.6538787301063408, "_timestamp": 1679091283.0474975, "_runtime": 72.59869360923767, "_step": 4, "_wandb": {"runtime": 71}}