{"train_accuracy": 0.9012962962962963, "train_error": 0.14614751203593263, "val_accuracy": 0.8805, "val_error": 0.17613998871382178, "_timestamp": 1679151222.2449346, "_runtime": 240.05357146263123, "_step": 9, "_wandb": {"runtime": 239}}