{"train_accuracy": 0.8350555555555556, "train_error": 0.6836827327704601, "val_accuracy": 0.8363333333333334, "val_error": 0.6868679234166113, "_timestamp": 1678539163.269198, "_runtime": 210.63567805290222, "_step": 9, "_wandb": {"runtime": 209}}