{"train_accuracy": 0.8828518518518519, "train_error": 0.5009483187421634, "val_accuracy": 0.8501666666666666, "val_error": 0.7843191286398814, "_timestamp": 1679080441.7598753, "_runtime": 215.53064727783203, "_step": 9, "_wandb": {"runtime": 214}}