{"train_accuracy": 0.8687592592592592, "train_error": 0.5144259089640985, "val_accuracy": 0.8551666666666666, "val_error": 0.5856242453462019, "_timestamp": 1679089402.7241147, "_runtime": 85.21082162857056, "_step": 7, "_wandb": {"runtime": 84}}