{"train_accuracy": 0.9027592592592593, "train_error": 0.37090748206760066, "val_accuracy": 0.8811666666666667, "val_error": 0.5011562615287143, "_timestamp": 1679143066.973552, "_runtime": 172.11171507835388, "_step": 9, "_wandb": {"runtime": 171}}