{"train_accuracy": 0.9076666666666666, "train_error": 0.35219343546645643, "val_accuracy": 0.8843333333333333, "val_error": 0.4692833342543596, "_timestamp": 1678529339.957762, "_runtime": 151.43312692642212, "_step": 9, "_wandb": {"runtime": 150}}