{"train_accuracy": 0.8885, "train_error": 0.16284135644229655, "val_accuracy": 0.8783333333333333, "val_error": 0.17616935877644585, "_timestamp": 1679073358.9120486, "_runtime": 89.94175863265991, "_step": 9, "_wandb": {"runtime": 88}}