{"train_accuracy": 0.8661851851851852, "train_error": 0.529296610800414, "val_accuracy": 0.8618333333333333, "val_error": 0.5590042964587535, "_timestamp": 1679092958.9791007, "_runtime": 53.174126625061035, "_step": 4, "_wandb": {"runtime": 52}}