{"train_accuracy": 0.8771481481481481, "train_error": 0.4631514890668194, "val_accuracy": 0.8606666666666667, "val_error": 0.57072446005481, "_timestamp": 1678142039.3681605, "_runtime": 251.52422547340393, "_step": 9, "_wandb": {"runtime": 250}}