{"train_accuracy": 0.8447222222222223, "train_error": 0.6182420427392814, "val_accuracy": 0.8275, "val_error": 0.6946793494040429, "_timestamp": 1679098596.9182212, "_runtime": 154.87849521636963, "_step": 9, "_wandb": {"runtime": 154}}