{"train_accuracy": 0.8210925925925926, "train_error": 0.7407129991313517, "val_accuracy": 0.8258333333333333, "val_error": 0.7484183003080456, "_timestamp": 1679212804.176995, "_runtime": 78.83361101150513, "_step": 8, "my_conf_mat_id_table": {"_type": "table-file", "sha256": "fe7007a5046876f23377d809954f941164f556bf37cf2bab387fd9b5db6b4d0c", "size": 2939, "artifact_path": "wandb-client-artifact://fvuux61wxk3w6xpp8d9q5y1x8hy11mpuy2o9s0zefjpuo03mgpzr3b90opmh8sxw3k6j52m5s1wmos4d5xawyogtkoavcm6gdgsxmyd1dtadheuv6bmv3wd07oa9msaz:latest/my_conf_mat_id_table.table.json", "_latest_artifact_path": "wandb-client-artifact://fvuux61wxk3w6xpp8d9q5y1x8hy11mpuy2o9s0zefjpuo03mgpzr3b90opmh8sxw3k6j52m5s1wmos4d5xawyogtkoavcm6gdgsxmyd1dtadheuv6bmv3wd07oa9msaz:latest/my_conf_mat_id_table.table.json", "path": "media/table/my_conf_mat_id_table_8_fe7007a5046876f23377.table.json", "ncols": 3, "nrows": 100}, "_wandb": {"runtime": 77}}