{"train_accuracy": 0.8568703703703704, "train_error": 0.2065328585756546, "val_accuracy": 0.8511666666666666, "val_error": 0.21322118273643048, "_timestamp": 1679075683.4342937, "_runtime": 67.33281564712524, "_step": 4, "_wandb": {"runtime": 66}}