{"train_accuracy": 0.8773703703703704, "train_error": 0.5118336116588941, "val_accuracy": 0.8701666666666666, "val_error": 0.55483214744808, "_timestamp": 1678161245.1244655, "_runtime": 128.1609103679657, "_step": 9, "_wandb": {"runtime": 127}}