{"train_accuracy": 0.884962962962963, "train_error": 0.4443105743627566, "val_accuracy": 0.8606666666666667, "val_error": 0.5744096433808991, "_timestamp": 1679114105.0712187, "_runtime": 92.2428138256073, "_step": 9, "_wandb": {"runtime": 91}}