{"train_accuracy": 0.841574074074074, "train_error": 0.22359767999430522, "val_accuracy": 0.841, "val_error": 0.22567992243421645, "_timestamp": 1679068906.6567404, "_runtime": 36.05942153930664, "_step": 1}