{"train_accuracy": 0.8621666666666666, "train_error": 0.5681388096856803, "val_accuracy": 0.8595, "val_error": 0.5912755349328883, "_timestamp": 1679150467.7208123, "_runtime": 107.69218826293945, "_step": 9, "_wandb": {"runtime": 106}}