{"train_accuracy": 0.8415925925925926, "train_error": 0.6443318349668935, "val_accuracy": 0.841, "val_error": 0.6559004012653359, "_timestamp": 1679091193.4888937, "_runtime": 57.80566167831421, "_step": 4, "_wandb": {"runtime": 57}}