{"train_accuracy": 0.8972962962962963, "train_error": 0.41371773961179603, "val_accuracy": 0.8825, "val_error": 0.4695208510903112, "_timestamp": 1678534482.183573, "_runtime": 80.02237200737, "_step": 9, "_wandb": {"runtime": 78}}