{"train_accuracy": 0.8822777777777778, "train_error": 0.45921744852003515, "val_accuracy": 0.871, "val_error": 0.5410335028652259, "_timestamp": 1678149867.377276, "_runtime": 251.36003589630127, "_step": 9, "_wandb": {"runtime": 250}}