{"train_accuracy": 0.8632407407407408, "train_error": 0.2276192048614572, "val_accuracy": 0.8503333333333334, "val_error": 0.24754751599784308, "_timestamp": 1679134849.345948, "_runtime": 86.07232809066772, "_step": 9, "_wandb": {"runtime": 84}}