{"train_accuracy": 0.8561666666666666, "train_error": 0.5952011605173243, "val_accuracy": 0.8446666666666667, "val_error": 0.6453937634105226, "_timestamp": 1678171708.8968756, "_runtime": 251.58428072929382, "_step": 9, "_wandb": {"runtime": 250}}