{"train_accuracy": 0.8855740740740741, "train_error": 0.4434741627294382, "val_accuracy": 0.8808333333333334, "val_error": 0.4882409809988002, "_timestamp": 1678529643.9204795, "_runtime": 78.08843350410461, "_step": 9, "_wandb": {"runtime": 77}}