{"train_accuracy": 0.864537037037037, "train_error": 0.55657880932227, "val_accuracy": 0.8596666666666667, "val_error": 0.580546050797506, "_timestamp": 1678141769.332497, "_runtime": 115.42741394042969, "_step": 9, "_wandb": {"runtime": 114}}