{"train_accuracy": 0.8555, "train_error": 0.5836837740887336, "val_accuracy": 0.852, "val_error": 0.5982675188024873, "_timestamp": 1678521469.7968204, "_runtime": 46.41527843475342, "_step": 4, "_wandb": {"runtime": 45}}