{"train_accuracy": 0.8411666666666666, "train_error": 0.6385748050678687, "val_accuracy": 0.8395, "val_error": 0.6530474028116655, "_timestamp": 1679079050.4115975, "_runtime": 65.44276356697083, "_step": 4, "_wandb": {"runtime": 64}}