{"train_accuracy": 0.791074074074074, "train_error": 0.7900387227955014, "val_accuracy": 0.7915, "val_error": 0.7936684779117527, "_timestamp": 1678526316.1080723, "_runtime": 187.12278819084167, "_step": 7, "_wandb": {"runtime": 186}}