{"train_accuracy": 0.8461111111111111, "train_error": 0.6249792481735086, "val_accuracy": 0.8403333333333334, "val_error": 0.6548425997956231, "_timestamp": 1678154246.2662687, "_runtime": 122.41381764411926, "_step": 9, "_wandb": {"runtime": 121}}