{"train_accuracy": 0.8883333333333333, "train_error": 0.43764353977229553, "val_accuracy": 0.8791666666666667, "val_error": 0.47894067416437686, "_timestamp": 1678160663.3830218, "_runtime": 267.6127607822418, "_step": 9, "_wandb": {"runtime": 266}}