{"train_accuracy": 0.8482222222222222, "train_error": 0.2216759880625883, "val_accuracy": 0.8443333333333334, "val_error": 0.22501364139078492, "_timestamp": 1679076073.099805, "_runtime": 57.506381034851074, "_step": 7, "_wandb": {"runtime": 54}}