{"train_accuracy": 0.8798703703703704, "train_error": 0.4844372754262231, "val_accuracy": 0.8723333333333333, "val_error": 0.5134705055303067, "_timestamp": 1679111445.5713522, "_runtime": 105.4347653388977, "_step": 9, "_wandb": {"runtime": 104}}