{"train_accuracy": 0.8895925925925926, "train_error": 0.44623656431853836, "val_accuracy": 0.8823333333333333, "val_error": 0.48588363976215054, "_timestamp": 1679144950.4912682, "_runtime": 71.67814517021179, "_step": 9, "_wandb": {"runtime": 70}}