{"train_accuracy": 0.8789074074074074, "train_error": 0.17596595182716518, "val_accuracy": 0.8746666666666667, "val_error": 0.18791719727081463, "_timestamp": 1679151657.4164507, "_runtime": 205.33032369613647, "_step": 9, "_wandb": {"runtime": 204}}