{"train_accuracy": 0.8909444444444444, "train_error": 0.16230005494702526, "val_accuracy": 0.8756666666666667, "val_error": 0.18019751706230294, "_timestamp": 1679075776.6942263, "_runtime": 75.01835823059082, "_step": 9, "_wandb": {"runtime": 72}}