{"train_accuracy": 0.8952407407407408, "train_error": 0.40597027991642637, "val_accuracy": 0.8783333333333333, "val_error": 0.4707997699009308, "_timestamp": 1679096814.6055973, "_runtime": 176.64089727401733, "_step": 9, "_wandb": {"runtime": 175}}