{"train_accuracy": 0.8652407407407408, "train_error": 0.19614178025244966, "val_accuracy": 0.846, "val_error": 0.22451728194099269, "_timestamp": 1679072490.7065756, "_runtime": 109.0376946926117, "_step": 4, "_wandb": {"runtime": 105}}