{"train_accuracy": 0.8866851851851851, "train_error": 0.44166719570278556, "val_accuracy": 0.875, "val_error": 0.5089391093304231, "_timestamp": 1679091470.6873896, "_runtime": 169.44574761390686, "_step": 9, "_wandb": {"runtime": 168}}