{"train_accuracy": 0.8183333333333334, "train_error": 0.7440854753064987, "val_accuracy": 0.8213333333333334, "val_error": 0.7386203655077279, "_timestamp": 1678521222.4275806, "_runtime": 74.29620957374573, "_step": 4, "_wandb": {"runtime": 78}}