{"train_accuracy": 0.10031481481481481, "train_error": NaN, "val_accuracy": 0.09716666666666667, "val_error": NaN, "_timestamp": 1678159239.5234907, "_runtime": 126.53243064880371, "_step": 9, "_wandb": {"runtime": 125}}