{"train_accuracy": 0.8335925925925926, "train_error": 0.6846071157362974, "val_accuracy": 0.8363333333333334, "val_error": 0.6924377998695448, "_timestamp": 1679085416.7541356, "_runtime": 57.847219705581665, "_step": 4, "_wandb": {"runtime": 56}}