{"train_accuracy": 0.4424444444444444, "train_error": 2.2663152380400264, "val_accuracy": 0.4295, "val_error": 2.2652764556111524, "_timestamp": 1678126284.88558, "_runtime": 61.909116983413696, "_step": 9, "_wandb": {"runtime": 61}}