{"train_accuracy": 0.8847037037037037, "train_error": 0.4525703683986476, "val_accuracy": 0.875, "val_error": 0.5040452024505621, "_timestamp": 1678134931.5744832, "_runtime": 129.13473510742188, "_step": 9, "_wandb": {"runtime": 128}}