{"train_accuracy": 0.8886851851851851, "train_error": 0.43425627346636214, "val_accuracy": 0.8823333333333333, "val_error": 0.4800628075306002, "_timestamp": 1678160080.178155, "_runtime": 290.07420897483826, "_step": 9, "_wandb": {"runtime": 289}}