{"train_accuracy": 0.8669259259259259, "train_error": 0.5308633677189173, "val_accuracy": 0.8655, "val_error": 0.5491660534655083, "_timestamp": 1679086823.9851158, "_runtime": 92.36509466171265, "_step": 7, "_wandb": {"runtime": 91}}