{"train_accuracy": 0.9047037037037037, "train_error": 0.3701130681330846, "val_accuracy": 0.8791666666666667, "val_error": 0.5039416106664089, "_timestamp": 1679110540.0682695, "_runtime": 180.56628561019897, "_step": 9, "_wandb": {"runtime": 179}}