{"train_accuracy": 0.8059259259259259, "train_error": 0.8112836507450454, "val_accuracy": 0.8018333333333333, "val_error": 0.819835937715577, "_timestamp": 1679214166.5841763, "_runtime": 70.99600028991699, "_step": 5, "my_conf_mat_id_table": {"_type": "table-file", "sha256": "93a7ba4088132b967964785b29ec5b3cad628e8fdc36bf679a2ffd490f934d0b", "size": 2941, "artifact_path": "wandb-client-artifact://cqscmb0vwsgijen71pnbosmop3f3a6v26a45cnjychh5zfti8o8op2lpd899xtyu3x7d08dxcl9g6lqjqb62orrqv0sd4qiyhunl5qbcp3nmxi74qkrb769d7nm141vr:latest/my_conf_mat_id_table.table.json", "_latest_artifact_path": "wandb-client-artifact://cqscmb0vwsgijen71pnbosmop3f3a6v26a45cnjychh5zfti8o8op2lpd899xtyu3x7d08dxcl9g6lqjqb62orrqv0sd4qiyhunl5qbcp3nmxi74qkrb769d7nm141vr:latest/my_conf_mat_id_table.table.json", "path": "media/table/my_conf_mat_id_table_5_93a7ba4088132b967964.table.json", "ncols": 3, "nrows": 100}, "_wandb": {"runtime": 70}}