{"train_accuracy": 0.8833518518518518, "train_error": 0.4480479282993159, "val_accuracy": 0.8776666666666667, "val_error": 0.4830458545489627, "_timestamp": 1679084048.7367616, "_runtime": 72.51357960700989, "_step": 4, "_wandb": {"runtime": 71}}