{"train_accuracy": 0.8908148148148148, "train_error": 0.42012812819814893, "val_accuracy": 0.8781666666666667, "val_error": 0.49734253364020703, "_timestamp": 1678143396.7588465, "_runtime": 134.45141744613647, "_step": 9, "_wandb": {"runtime": 133}}