{"train_accuracy": 0.8775740740740741, "train_error": 0.4915899273449022, "val_accuracy": 0.8716666666666667, "val_error": 0.5282034334513732, "_timestamp": 1678171178.9199107, "_runtime": 309.1543846130371, "_step": 9, "_wandb": {"runtime": 308}}