{"train_accuracy": 0.876, "train_error": 0.4707699448342047, "val_accuracy": 0.8706666666666667, "val_error": 0.519032832672715, "_timestamp": 1679096410.3066418, "_runtime": 56.41388487815857, "_step": 4, "_wandb": {"runtime": 55}}