{"train_accuracy": 0.8623148148148149, "train_error": 0.5623824710964742, "val_accuracy": 0.8598333333333333, "val_error": 0.5767992157982782, "_timestamp": 1679139933.8313892, "_runtime": 80.90566730499268, "_step": 9, "_wandb": {"runtime": 80}}