{"train_accuracy": 0.8334814814814815, "train_error": 0.2452084018256452, "val_accuracy": 0.8298333333333333, "val_error": 0.25693616859086604, "_timestamp": 1679132805.179526, "_runtime": 62.76805019378662, "_step": 7, "_wandb": {"runtime": 61}}