{"train_accuracy": 0.8681296296296296, "train_error": 0.18954833057396464, "val_accuracy": 0.864, "val_error": 0.19536823737846143, "_timestamp": 1679072724.105328, "_runtime": 111.24213004112244, "_step": 4, "_wandb": {"runtime": 109}}