{"train_accuracy": 0.8305555555555556, "train_error": 0.2445884675026052, "val_accuracy": 0.8318333333333333, "val_error": 0.24619650060758655, "_timestamp": 1679071727.493499, "_runtime": 166.3249990940094, "_step": 9, "_wandb": {"runtime": 165}}