{"train_accuracy": 0.8909259259259259, "train_error": 0.42849786428121495, "val_accuracy": 0.8791666666666667, "val_error": 0.48781850812402905, "_timestamp": 1679095276.3630052, "_runtime": 180.56179213523865, "_step": 9, "_wandb": {"runtime": 179}}