{"train_accuracy": 0.8743333333333333, "train_error": 0.5003000785257911, "val_accuracy": 0.8675, "val_error": 0.5443696655289445, "_timestamp": 1678167350.9974177, "_runtime": 288.11084365844727, "_step": 9, "_wandb": {"runtime": 287}}