{"train_accuracy": 0.8500555555555556, "train_error": 0.6302457551919568, "val_accuracy": 0.8468333333333333, "val_error": 0.6568988021021662, "_timestamp": 1678523416.7933455, "_runtime": 81.69172143936157, "_step": 9, "_wandb": {"runtime": 80}}