{"train_accuracy": 0.8888888888888888, "train_error": 0.4417116684318568, "val_accuracy": 0.88, "val_error": 0.48247543716464025, "_timestamp": 1678151630.9116836, "_runtime": 221.64272451400757, "_step": 9, "_wandb": {"runtime": 220}}