{"train_accuracy": 0.8882037037037037, "train_error": 0.4241843503025649, "val_accuracy": 0.8743333333333333, "val_error": 0.5375177623289337, "_timestamp": 1678177829.5781229, "_runtime": 277.79591393470764, "_step": 9, "_wandb": {"runtime": 277}}