{"train_accuracy": 0.8604259259259259, "train_error": 0.5661696367674952, "val_accuracy": 0.8555, "val_error": 0.5906362309392028, "_timestamp": 1678129131.8376262, "_runtime": 151.27009510993958, "_step": 9, "_wandb": {"runtime": 150}}