{"train_accuracy": 0.8840740740740741, "train_error": 0.43635885599258034, "val_accuracy": 0.8736666666666667, "val_error": 0.5275858639992613, "_timestamp": 1679098228.6176767, "_runtime": 159.77846765518188, "_step": 7, "_wandb": {"runtime": 159}}