{"train_accuracy": 0.8852777777777778, "train_error": 0.453913613865929, "val_accuracy": 0.8758333333333334, "val_error": 0.5218241252541562, "_timestamp": 1678532119.2789161, "_runtime": 125.22374510765076, "_step": 9, "_wandb": {"runtime": 124}}