{"train_accuracy": 0.8355370370370371, "train_error": 0.6667898052720626, "val_accuracy": 0.8411666666666666, "val_error": 0.6671529500401429, "_timestamp": 1679107904.005965, "_runtime": 177.57253193855286, "_step": 9, "_wandb": {"runtime": 176}}