{"train_accuracy": 0.8655185185185185, "train_error": 0.5273103347711051, "val_accuracy": 0.854, "val_error": 0.592823103176408, "_timestamp": 1679114681.477055, "_runtime": 96.50065302848816, "_step": 9, "_wandb": {"runtime": 95}}