{"train_accuracy": 0.8788333333333334, "train_error": 0.47890081368210935, "val_accuracy": 0.8745, "val_error": 0.5052266786299557, "_timestamp": 1678524385.5476484, "_runtime": 122.49214935302734, "_step": 9, "_wandb": {"runtime": 121}}