{"train_accuracy": 0.8929444444444444, "train_error": 0.41809098667888994, "val_accuracy": 0.8663333333333333, "val_error": 0.5465288936926516, "_timestamp": 1679094900.8753364, "_runtime": 140.56143140792847, "_step": 9, "_wandb": {"runtime": 139}}