{"train_accuracy": 0.8788703703703704, "train_error": 0.47187786812280835, "val_accuracy": 0.8658333333333333, "val_error": 0.5562985364858286, "_timestamp": 1678156032.8870504, "_runtime": 266.82959747314453, "_step": 9, "_wandb": {"runtime": 266}}