{"train_accuracy": 0.8860555555555556, "train_error": 0.44306173173238056, "val_accuracy": 0.8776666666666667, "val_error": 0.5045302900404111, "_timestamp": 1679096335.8297193, "_runtime": 141.78287434577942, "_step": 9, "_wandb": {"runtime": 141}}