{"train_accuracy": 0.867, "train_error": 0.19296608405350266, "val_accuracy": 0.8448333333333333, "val_error": 0.2233580224749461, "_timestamp": 1679076988.89832, "_runtime": 125.20268607139587, "_step": 4, "_wandb": {"runtime": 124}}