{"train_accuracy": 0.7743888888888889, "train_error": 0.3189749779158874, "val_accuracy": 0.769, "val_error": 0.32355020178520255, "_timestamp": 1679133341.4578726, "_runtime": 63.11576271057129, "_step": 7, "_wandb": {"runtime": 61}}