{"train_accuracy": 0.8906481481481482, "train_error": 0.42013944832526995, "val_accuracy": 0.8803333333333333, "val_error": 0.5025879654070162, "_timestamp": 1679101675.4468455, "_runtime": 83.85878443717957, "_step": 9, "_wandb": {"runtime": 83}}