{"train_accuracy": 0.8757407407407407, "train_error": 0.47939053281263194, "val_accuracy": 0.8681666666666666, "val_error": 0.5355132476539689, "_timestamp": 1678160375.2467, "_runtime": 119.52040815353394, "_step": 9, "_wandb": {"runtime": 118}}