{"train_accuracy": 0.8882407407407408, "train_error": 0.43551913298878747, "val_accuracy": 0.8618333333333333, "val_error": 0.5471161295590289, "_timestamp": 1678527655.5605414, "_runtime": 73.52658343315125, "_step": 9, "_wandb": {"runtime": 72}}