{"train_accuracy": 0.8825185185185185, "train_error": 0.45153080004720914, "val_accuracy": 0.8703333333333333, "val_error": 0.5274925311313079, "_timestamp": 1678145645.3311698, "_runtime": 125.21895289421082, "_step": 9, "_wandb": {"runtime": 124}}