{"train_accuracy": 0.902425925925926, "train_error": 0.38377298894253276, "val_accuracy": 0.8885, "val_error": 0.4552694360121686, "_timestamp": 1678534596.8861923, "_runtime": 96.31031942367554, "_step": 7, "_wandb": {"runtime": 95}}