{"train_accuracy": 0.892462962962963, "train_error": 0.4211832114785211, "val_accuracy": 0.868, "val_error": 0.5402258671747178, "_timestamp": 1679093789.1105013, "_runtime": 100.96709537506104, "_step": 7, "_wandb": {"runtime": 100}}