{"train_accuracy": 0.9898518518518519, "train_error": 0.04764354216299391, "val_accuracy": 0.9696666666666667, "val_error": 0.23322525635132665, "_timestamp": 1679164454.2370262, "_runtime": 181.19843125343323, "_step": 10, "my_conf_mat_id_table": {"_type": "table-file", "sha256": "a83479555a7c84584fceb2495a5c2824f86f78000d67d051aa361ac94d7c4cda", "size": 2913, "artifact_path": "wandb-client-artifact://ma55bgafzcwx9wsz3s65t04hcog92ahj4upc9qoxj72aocg4xd5chjyl5q6rhzwnirvrm45y9kvs9p0io16ui0zg15dz41ngh8v5y246t1vrtlh4sdfxmtiokrjkifhb:latest/my_conf_mat_id_table.table.json", "_latest_artifact_path": "wandb-client-artifact://ma55bgafzcwx9wsz3s65t04hcog92ahj4upc9qoxj72aocg4xd5chjyl5q6rhzwnirvrm45y9kvs9p0io16ui0zg15dz41ngh8v5y246t1vrtlh4sdfxmtiokrjkifhb:latest/my_conf_mat_id_table.table.json", "path": "media/table/my_conf_mat_id_table_10_a83479555a7c84584fce.table.json", "ncols": 3, "nrows": 100}, "_wandb": {"runtime": 185}}