{"train_accuracy": 0.6008888888888889, "train_error": 1.738970158622303, "val_accuracy": 0.5951666666666666, "val_error": 1.7428847950085198, "_timestamp": 1679090359.5351849, "_runtime": 45.536027908325195, "_step": 4, "_wandb": {"runtime": 44}}