{"train_accuracy": 0.8477592592592592, "train_error": 0.2192612942424884, "val_accuracy": 0.847, "val_error": 0.22050027116937265, "_timestamp": 1679137279.6266282, "_runtime": 35.641162157058716, "_step": 1}