{"train_accuracy": 0.8999074074074074, "train_error": 0.3809859403934294, "val_accuracy": 0.8833333333333333, "val_error": 0.4792612607944481, "_timestamp": 1678550349.4315135, "_runtime": 190.2783875465393, "_step": 9, "_wandb": {"runtime": 189}}