{"train_accuracy": 0.8951481481481481, "train_error": 0.40330212733808274, "val_accuracy": 0.8778333333333334, "val_error": 0.4969309885740305, "_timestamp": 1679100735.623222, "_runtime": 177.9013271331787, "_step": 9, "_wandb": {"runtime": 177}}