{"train_accuracy": 0.8760740740740741, "train_error": 0.4950834457442378, "val_accuracy": 0.8748333333333334, "val_error": 0.5195645975929093, "_timestamp": 1678534957.3452477, "_runtime": 128.65745377540588, "_step": 9, "_wandb": {"runtime": 127}}