{"train_accuracy": 0.8862037037037037, "train_error": 0.43771840654710015, "val_accuracy": 0.8758333333333334, "val_error": 0.5122332175614969, "_timestamp": 1678142508.3213043, "_runtime": 122.10402226448059, "_step": 9, "_wandb": {"runtime": 121}}