{"train_accuracy": 0.8856296296296297, "train_error": 0.4334903554524281, "val_accuracy": 0.8766666666666667, "val_error": 0.49193709185013357, "_timestamp": 1679087936.097703, "_runtime": 217.03102898597717, "_step": 9, "_wandb": {"runtime": 216}}