{"train_accuracy": 0.875462962962963, "train_error": 0.5081291689633309, "val_accuracy": 0.866, "val_error": 0.5406792557322749, "_timestamp": 1678138351.4959977, "_runtime": 126.23818969726562, "_step": 9, "_wandb": {"runtime": 125}}