{"train_accuracy": 0.8817962962962963, "train_error": 0.46595180485257637, "val_accuracy": 0.8628333333333333, "val_error": 0.5420667889564144, "_timestamp": 1678528862.349495, "_runtime": 146.31638097763062, "_step": 9, "_wandb": {"runtime": 145}}