{"train_accuracy": 0.8718703703703704, "train_error": 0.49485462401857405, "val_accuracy": 0.8626666666666667, "val_error": 0.5631177991053704, "_timestamp": 1678174393.1947398, "_runtime": 126.84656190872192, "_step": 9, "_wandb": {"runtime": 126}}