{"train_accuracy": 0.880537037037037, "train_error": 0.463826758400209, "val_accuracy": 0.8543333333333333, "val_error": 0.5884783578833698, "_timestamp": 1679139835.9330857, "_runtime": 92.21052956581116, "_step": 9, "_wandb": {"runtime": 91}}