{"train_accuracy": 0.8869074074074074, "train_error": 0.1657322402778927, "val_accuracy": 0.8748333333333334, "val_error": 0.17901115741373186, "_timestamp": 1679073135.0048928, "_runtime": 83.06133389472961, "_step": 9, "_wandb": {"runtime": 82}}