{"train_accuracy": 0.8947407407407407, "train_error": 0.4027364214627572, "val_accuracy": 0.8746666666666667, "val_error": 0.5022443216489112, "_timestamp": 1679114217.0032651, "_runtime": 97.32669425010681, "_step": 9, "_wandb": {"runtime": 96}}