{"train_accuracy": 0.8912222222222222, "train_error": 0.42750753278909187, "val_accuracy": 0.8736666666666667, "val_error": 0.4933353738073138, "_timestamp": 1679143612.1985452, "_runtime": 87.07905125617981, "_step": 9, "_wandb": {"runtime": 86}}