{"train_accuracy": 0.8752407407407408, "train_error": 0.503835899181047, "val_accuracy": 0.8705, "val_error": 0.5308837080305221, "_timestamp": 1679139643.1705396, "_runtime": 155.78051257133484, "_step": 9, "_wandb": {"runtime": 154}}