{"train_accuracy": 0.8587962962962963, "train_error": 0.5825541070861647, "val_accuracy": 0.8548333333333333, "val_error": 0.5977763523561695, "_timestamp": 1679106791.1594033, "_runtime": 104.94280529022217, "_step": 9, "_wandb": {"runtime": 104}}