{"train_accuracy": 0.8543333333333333, "train_error": 0.5833201252283946, "val_accuracy": 0.8506666666666667, "val_error": 0.599806719450771, "_timestamp": 1679210101.3325386, "_runtime": 102.22473764419556, "_step": 8, "my_conf_mat_id_table": {"_type": "table-file", "sha256": "70aa90cb51ce92fabbc746b801943326df53b2b2144a06426c1478c0e177e06b", "size": 2935, "artifact_path": "wandb-client-artifact://80bgu1qgx3zfsxtmwqwfl6l5ozk57nqw9kkk2rtb9ogtp0geyxoqdpj8hmkm19snzwxrf3y1jpyj8764qs5kl61dijx0j81vmz0nam8dzbc1t8dm0mnx6qn72qo1smcg:latest/my_conf_mat_id_table.table.json", "_latest_artifact_path": "wandb-client-artifact://80bgu1qgx3zfsxtmwqwfl6l5ozk57nqw9kkk2rtb9ogtp0geyxoqdpj8hmkm19snzwxrf3y1jpyj8764qs5kl61dijx0j81vmz0nam8dzbc1t8dm0mnx6qn72qo1smcg:latest/my_conf_mat_id_table.table.json", "path": "media/table/my_conf_mat_id_table_8_70aa90cb51ce92fabbc7.table.json", "ncols": 3, "nrows": 100}, "_wandb": {"runtime": 105}}