{"train_accuracy": 0.8743703703703704, "train_error": 0.5191444947495577, "val_accuracy": 0.8651666666666666, "val_error": 0.5592539729092157, "_timestamp": 1679113085.1640954, "_runtime": 85.89954042434692, "_step": 9, "_wandb": {"runtime": 85}}