{"train_accuracy": 0.8967962962962963, "train_error": 0.39396907150831567, "val_accuracy": 0.8828333333333334, "val_error": 0.4831411785272444, "_timestamp": 1679146296.2649932, "_runtime": 179.62489223480225, "_step": 9, "_wandb": {"runtime": 178}}