{"train_accuracy": 0.8748703703703704, "train_error": 0.4694173715827708, "val_accuracy": 0.8653333333333333, "val_error": 0.5544651634724697, "_timestamp": 1678148452.8821568, "_runtime": 277.2848837375641, "_step": 9, "_wandb": {"runtime": 276}}