{"train_accuracy": 0.8361111111111111, "train_error": 0.666302369891557, "val_accuracy": 0.837, "val_error": 0.6740319908488663, "_timestamp": 1679142123.5000963, "_runtime": 49.44528341293335, "_step": 4, "_wandb": {"runtime": 48}}