{"train_accuracy": 0.886962962962963, "train_error": 0.43300102847403055, "val_accuracy": 0.8581666666666666, "val_error": 0.5914566246168749, "_timestamp": 1679114569.3191214, "_runtime": 197.99681043624878, "_step": 9, "_wandb": {"runtime": 197}}