{"train_accuracy": 0.9033148148148148, "train_error": 0.36645144129355767, "val_accuracy": 0.8883333333333333, "val_error": 0.4573736099830891, "_timestamp": 1679105389.5657146, "_runtime": 196.05674171447754, "_step": 9, "_wandb": {"runtime": 195}}