{"train_accuracy": 0.8875740740740741, "train_error": 0.4262590647771093, "val_accuracy": 0.8746666666666667, "val_error": 0.48880938136404906, "_timestamp": 1679145575.484709, "_runtime": 132.4194951057434, "_step": 9, "_wandb": {"runtime": 131}}