{"train_accuracy": 0.6862037037037036, "train_error": 0.6426273357560472, "val_accuracy": 0.6815, "val_error": 0.7743280733025616, "_timestamp": 1679131835.7375443, "_runtime": 148.22638320922852, "_step": 9, "_wandb": {"runtime": 147}}