{"train_accuracy": 0.874, "train_error": 0.5009080232728947, "val_accuracy": 0.8716666666666667, "val_error": 0.5381611754198077, "_timestamp": 1679090789.5024717, "_runtime": 117.55398678779602, "_step": 7, "_wandb": {"runtime": 116}}