{"train_accuracy": 0.8684814814814815, "train_error": 0.5352106197608055, "val_accuracy": 0.8608333333333333, "val_error": 0.5532079394013456, "_timestamp": 1679137902.723298, "_runtime": 78.72719717025757, "_step": 7, "_wandb": {"runtime": 77}}