{"train_accuracy": 0.8672407407407408, "train_error": 0.5502932449353006, "val_accuracy": 0.8558333333333333, "val_error": 0.5920748358309836, "_timestamp": 1678145088.4943244, "_runtime": 155.00458335876465, "_step": 9, "_wandb": {"runtime": 154}}