{"train_accuracy": 0.863462962962963, "train_error": 0.5706780465459785, "val_accuracy": 0.848, "val_error": 0.7106152468730836, "_timestamp": 1679087619.3852134, "_runtime": 92.67611742019653, "_step": 4, "_wandb": {"runtime": 91}}