{"train_accuracy": 0.9083518518518519, "train_error": 0.35172384213002544, "val_accuracy": 0.8913333333333333, "val_error": 0.42730231301064775, "_timestamp": 1678531303.2360847, "_runtime": 117.76490378379822, "_step": 9, "_wandb": {"runtime": 115}}