{"train_accuracy": 0.8626851851851852, "train_error": 0.5325828021650536, "val_accuracy": 0.8473333333333334, "val_error": 0.6112512470872558, "_timestamp": 1679100234.554514, "_runtime": 225.83148002624512, "_step": 9, "_wandb": {"runtime": 225}}