{"train_accuracy": 0.8820925925925925, "train_error": 0.4461762070419599, "val_accuracy": 0.8738333333333334, "val_error": 0.5044571346846611, "_timestamp": 1679078335.44752, "_runtime": 181.3181550502777, "_step": 7, "_wandb": {"runtime": 180}}