{"train_accuracy": 0.8881481481481481, "train_error": 0.4526516196453417, "val_accuracy": 0.8763333333333333, "val_error": 0.49748989664400295, "_timestamp": 1679143843.9641907, "_runtime": 82.01617670059204, "_step": 9, "_wandb": {"runtime": 80}}