{"train_accuracy": 0.8874074074074074, "train_error": 0.4290299927519525, "val_accuracy": 0.8745, "val_error": 0.490019333519285, "_timestamp": 1678130960.8325715, "_runtime": 243.9210844039917, "_step": 9, "_wandb": {"runtime": 243}}