{"train_accuracy": 0.8667407407407407, "train_error": 0.503644408247419, "val_accuracy": 0.8566666666666667, "val_error": 0.5822159776664719, "_timestamp": 1678142369.0969887, "_runtime": 174.12133955955505, "_step": 9, "_wandb": {"runtime": 173}}