{"train_accuracy": 0.8502407407407407, "train_error": 0.6158506528717643, "val_accuracy": 0.8466666666666667, "val_error": 0.6301925222525142, "_timestamp": 1679088392.8873332, "_runtime": 108.92355108261108, "_step": 9, "_wandb": {"runtime": 107}}