{"train_accuracy": 0.8858148148148148, "train_error": 0.45789621800964403, "val_accuracy": 0.8745, "val_error": 0.5235494955469111, "_timestamp": 1678163385.4999423, "_runtime": 98.80629634857178, "_step": 9, "_wandb": {"runtime": 98}}