{"train_accuracy": 0.8847222222222222, "train_error": 0.43822196094045757, "val_accuracy": 0.871, "val_error": 0.5298169203961148, "_timestamp": 1679078607.1951556, "_runtime": 161.02640962600708, "_step": 7, "_wandb": {"runtime": 160}}