{"train_accuracy": 0.9863518518518518, "train_error": 0.06555100840306866, "val_accuracy": 0.9751666666666666, "val_error": 0.11356587603127584, "_timestamp": 1679163680.230788, "_runtime": 110.82273387908936, "_step": 10, "my_conf_mat_id_table": {"_type": "table-file", "sha256": "b479034a30ed2d3bc6896806965a9022c5fe9acc8db8157623e9890654d990ed", "size": 2910, "artifact_path": "wandb-client-artifact://az7svwn9dwuouooiyfmp17j3binjenuc20ts29v35vy3eoph4aiekywbcs8ksa1hgvx26idrq2gewh6mf0m8mfwyp8jjdt0rxkwy812hkud0vns96ce6ek7pasucsghi:latest/my_conf_mat_id_table.table.json", "_latest_artifact_path": "wandb-client-artifact://az7svwn9dwuouooiyfmp17j3binjenuc20ts29v35vy3eoph4aiekywbcs8ksa1hgvx26idrq2gewh6mf0m8mfwyp8jjdt0rxkwy812hkud0vns96ce6ek7pasucsghi:latest/my_conf_mat_id_table.table.json", "path": "media/table/my_conf_mat_id_table_10_b479034a30ed2d3bc689.table.json", "ncols": 3, "nrows": 100}, "_wandb": {"runtime": 115}}