{"train_accuracy": 0.8818888888888889, "train_error": 0.460916186216482, "val_accuracy": 0.868, "val_error": 0.5368527913871154, "_timestamp": 1679092335.3418028, "_runtime": 133.23636293411255, "_step": 7, "_wandb": {"runtime": 132}}