{"train_accuracy": 0.6427222222222222, "train_error": 1.2718976670710886, "val_accuracy": 0.6518333333333334, "val_error": 1.2641434443870943, "_timestamp": 1678126077.2247357, "_runtime": 88.7056896686554, "_step": 4, "_wandb": {"runtime": 87}}