{"train_accuracy": 0.8917592592592593, "train_error": 0.4264852857929957, "val_accuracy": 0.8808333333333334, "val_error": 0.4889588784534622, "_timestamp": 1679146416.9698904, "_runtime": 98.59816336631775, "_step": 9, "_wandb": {"runtime": 97}}