{"train_accuracy": 0.8604444444444445, "train_error": 0.5688484919961251, "val_accuracy": 0.8528333333333333, "val_error": 0.6064631320423404, "_timestamp": 1678129768.694958, "_runtime": 165.82951307296753, "_step": 9, "_wandb": {"runtime": 164}}