{"train_accuracy": 0.8927407407407407, "train_error": 0.40820227566588574, "val_accuracy": 0.88, "val_error": 0.4808111351357842, "_timestamp": 1678541568.101178, "_runtime": 144.75305199623108, "_step": 7, "_wandb": {"runtime": 143}}