{"train_accuracy": 0.8909814814814815, "train_error": 0.15839793663643761, "val_accuracy": 0.8736666666666667, "val_error": 0.17871403944575012, "_timestamp": 1679077083.2252595, "_runtime": 73.49195265769958, "_step": 7, "_wandb": {"runtime": 72}}