{"train_accuracy": 0.8531111111111112, "train_error": 0.6053639877347959, "val_accuracy": 0.8198333333333333, "val_error": 0.8677882840126969, "_timestamp": 1679097494.8391407, "_runtime": 214.72111868858337, "_step": 9, "_wandb": {"runtime": 213}}