{"train_accuracy": 0.8960370370370371, "train_error": 0.38923242878086944, "val_accuracy": 0.8775, "val_error": 0.4834311647706333, "_timestamp": 1678523173.5116606, "_runtime": 132.19970655441284, "_step": 9, "_wandb": {"runtime": 131}}