{"train_accuracy": 0.8858148148148148, "train_error": 0.1680744222474845, "val_accuracy": 0.874, "val_error": 0.18397159644952388, "_timestamp": 1679074088.4946666, "_runtime": 103.84689664840698, "_step": 9, "_wandb": {"runtime": 102}}