{"train_accuracy": 0.9029814814814815, "train_error": 0.3728909991906894, "val_accuracy": 0.8895, "val_error": 0.44423726287350407, "_timestamp": 1678550784.1069853, "_runtime": 195.33420825004578, "_step": 9, "_wandb": {"runtime": 194}}