{"train_accuracy": 0.8906851851851851, "train_error": 0.42151513772307986, "val_accuracy": 0.8785, "val_error": 0.5282663272172993, "_timestamp": 1678535338.9896932, "_runtime": 108.77055525779724, "_step": 7, "_wandb": {"runtime": 108}}