{"train_accuracy": 0.8317777777777777, "train_error": 0.6776441804065376, "val_accuracy": 0.8296666666666667, "val_error": 0.6946266969641812, "_timestamp": 1679140396.8033924, "_runtime": 81.07626438140869, "_step": 9, "_wandb": {"runtime": 80}}