{"train_accuracy": 0.8374259259259259, "train_error": 0.6563449267409555, "val_accuracy": 0.8356666666666667, "val_error": 0.6766975266464572, "_timestamp": 1678165952.8097525, "_runtime": 126.87223148345947, "_step": 9, "_wandb": {"runtime": 126}}