{"train_accuracy": 0.8602222222222222, "train_error": 0.5619893036944852, "val_accuracy": 0.8573333333333333, "val_error": 0.5863147538929371, "_timestamp": 1678138513.8300457, "_runtime": 144.64771270751953, "_step": 9, "_wandb": {"runtime": 143}}