{"train_accuracy": 0.8906666666666667, "train_error": 0.42340672424305786, "val_accuracy": 0.8766666666666667, "val_error": 0.5043876857882582, "_timestamp": 1679140793.0090582, "_runtime": 134.9196162223816, "_step": 9, "_wandb": {"runtime": 133}}