{"train_accuracy": 0.8761481481481481, "train_error": 0.474820870954787, "val_accuracy": 0.8591666666666666, "val_error": 0.5908888061939752, "_timestamp": 1678540952.3603356, "_runtime": 93.55664563179016, "_step": 9, "_wandb": {"runtime": 92}}