{"train_accuracy": 0.8704814814814815, "train_error": 0.5179831859356413, "val_accuracy": 0.8645, "val_error": 0.542994109759923, "_timestamp": 1678169683.9939082, "_runtime": 279.5733232498169, "_step": 9, "_wandb": {"runtime": 278}}