{"train_accuracy": 0.8822592592592593, "train_error": 0.4577213410055478, "val_accuracy": 0.8691666666666666, "val_error": 0.5325449039559506, "_timestamp": 1678145358.0516877, "_runtime": 116.5621166229248, "_step": 9, "_wandb": {"runtime": 115}}