{"train_accuracy": 0.7392962962962963, "train_error": 1.0014694668558726, "val_accuracy": 0.7345, "val_error": 1.0100756590600741, "_timestamp": 1679083696.6106355, "_runtime": 53.76736760139465, "_step": 4, "_wandb": {"runtime": 52}}