{"train_accuracy": 0.8373703703703703, "train_error": 0.6664795464758881, "val_accuracy": 0.8391666666666666, "val_error": 0.6717573111102935, "_timestamp": 1679079169.8300142, "_runtime": 103.72826313972473, "_step": 7, "_wandb": {"runtime": 102}}