{"train_accuracy": 0.4545, "train_error": 1.8203507844232731, "val_accuracy": 0.4435, "val_error": 1.8141137112547783, "_timestamp": 1678164569.0184448, "_runtime": 241.38811779022217, "_step": 9, "_wandb": {"runtime": 240}}