{"train_accuracy": 0.8893148148148148, "train_error": 0.431471684114832, "val_accuracy": 0.866, "val_error": 0.5537247463857351, "_timestamp": 1678527564.7039492, "_runtime": 84.66771030426025, "_step": 9, "_wandb": {"runtime": 83}}