{"train_accuracy": 0.5278888888888889, "train_error": 1.9783113692611836, "val_accuracy": 0.5223333333333333, "val_error": 1.9777747937360386, "_timestamp": 1678129330.278156, "_runtime": 179.30675792694092, "_step": 9, "_wandb": {"runtime": 178}}