{"train_accuracy": 0.8762962962962964, "train_error": 0.49022244018486666, "val_accuracy": 0.872, "val_error": 0.5210970569833411, "_timestamp": 1678127936.0379443, "_runtime": 225.21519231796265, "_step": 9, "_wandb": {"runtime": 224}}