{"train_accuracy": 0.8098148148148148, "train_error": 0.7922411458925097, "val_accuracy": 0.8145, "val_error": 0.7947794826023622, "_timestamp": 1678522811.0573819, "_runtime": 101.04940676689148, "_step": 9, "_wandb": {"runtime": 100}}