{"train_accuracy": 0.8700185185185185, "train_error": 0.48344808614539503, "val_accuracy": 0.8575, "val_error": 0.5682226252673175, "_timestamp": 1678170631.6967993, "_runtime": 125.14460825920105, "_step": 9, "_wandb": {"runtime": 124}}