{"train_accuracy": 0.8880925925925925, "train_error": 0.42602343433578876, "val_accuracy": 0.8781666666666667, "val_error": 0.49290852226644194, "_timestamp": 1679144111.7539058, "_runtime": 140.58234572410583, "_step": 7, "_wandb": {"runtime": 139}}