{"train_accuracy": 0.8784444444444445, "train_error": 0.48291680354009703, "val_accuracy": 0.8723333333333333, "val_error": 0.5162046067868232, "_timestamp": 1678146194.3201046, "_runtime": 125.39176750183105, "_step": 9, "_wandb": {"runtime": 124}}