{"train_accuracy": 0.8674074074074074, "train_error": 0.1930386764443964, "val_accuracy": 0.8633333333333333, "val_error": 0.19852186613076656, "_timestamp": 1679077193.5277214, "_runtime": 89.83917951583862, "_step": 4, "_wandb": {"runtime": 88}}