{"train_accuracy": 0.8929814814814815, "train_error": 0.4278459229303105, "val_accuracy": 0.887, "val_error": 0.4704357389444329, "_timestamp": 1679227530.5578454, "_runtime": 140.65942645072937, "_step": 10, "my_conf_mat_id_table": {"_type": "table-file", "sha256": "694a388f4cd83ac5c874947ffb78a5b5a70ad0ebb15b0631251fff8bdbb6d64d", "size": 2932, "artifact_path": "wandb-client-artifact://axh64e1ngre3khhrobts01xd0op9h31ggms9o62g74x5ijxkkgfnie6ooppdudtdnk4pcrcdvp6c3t4jajixhl8fd9u1g2rdxrtfdwp6rfww70kkbh0ew52m74st19xs:latest/my_conf_mat_id_table.table.json", "_latest_artifact_path": "wandb-client-artifact://axh64e1ngre3khhrobts01xd0op9h31ggms9o62g74x5ijxkkgfnie6ooppdudtdnk4pcrcdvp6c3t4jajixhl8fd9u1g2rdxrtfdwp6rfww70kkbh0ew52m74st19xs:latest/my_conf_mat_id_table.table.json", "path": "media/table/my_conf_mat_id_table_10_694a388f4cd83ac5c874.table.json", "ncols": 3, "nrows": 100}, "_wandb": {"runtime": 140}}