{"train_accuracy": 0.8987407407407407, "train_error": 0.38531755697866593, "val_accuracy": 0.8791666666666667, "val_error": 0.5053642145078652, "_timestamp": 1679090951.7288177, "_runtime": 146.54276061058044, "_step": 9, "_wandb": {"runtime": 145}}