{"train_accuracy": 0.8963333333333333, "train_error": 0.4065779053576853, "val_accuracy": 0.8791666666666667, "val_error": 0.49823920061262766, "_timestamp": 1679107014.443093, "_runtime": 72.02251315116882, "_step": 9, "_wandb": {"runtime": 71}}