{"train_accuracy": 0.8566666666666667, "train_error": 0.5677055629485815, "val_accuracy": 0.8478333333333333, "val_error": 0.6234708190478769, "_timestamp": 1678521977.7206142, "_runtime": 40.172656297683716, "_step": 4, "_wandb": {"runtime": 39}}