{"train_accuracy": 0.8505555555555555, "train_error": 0.21904605200373206, "val_accuracy": 0.8193333333333334, "val_error": 0.26059178137997924, "_timestamp": 1679130817.8355079, "_runtime": 176.49460697174072, "_step": 9, "_wandb": {"runtime": 175}}