{"train_accuracy": 0.9081111111111111, "train_error": 0.35659473618030907, "val_accuracy": 0.8916666666666667, "val_error": 0.4478775040550767, "_timestamp": 1679108827.4849339, "_runtime": 124.55120182037354, "_step": 9, "_wandb": {"runtime": 123}}