{"train_accuracy": 0.8842222222222222, "train_error": 0.17036158649993685, "val_accuracy": 0.8746666666666667, "val_error": 0.18476440917597045, "_timestamp": 1679074950.3279948, "_runtime": 49.81249690055847, "_step": 4, "_wandb": {"runtime": 48}}