{"train_accuracy": 0.8808148148148148, "train_error": 0.17407517351061405, "val_accuracy": 0.8716666666666667, "val_error": 0.18528659263135588, "_timestamp": 1679074736.5871434, "_runtime": 99.79864645004272, "_step": 4, "_wandb": {"runtime": 98}}