{"train_accuracy": 0.8951851851851852, "train_error": 0.3911349807076266, "val_accuracy": 0.8716666666666667, "val_error": 0.5018130388803141, "_timestamp": 1678168936.130509, "_runtime": 267.4946038722992, "_step": 9, "_wandb": {"runtime": 266}}