{"train_accuracy": 0.8298518518518518, "train_error": 0.24515924016632346, "val_accuracy": 0.8318333333333333, "val_error": 0.24805280918851882, "_timestamp": 1679074447.1868525, "_runtime": 59.57706546783447, "_step": 7, "_wandb": {"runtime": 57}}