{"train_accuracy": 0.8929814814814815, "train_error": 0.4278459229303105, "val_accuracy": 0.887, "val_error": 0.4704357389444329, "_timestamp": 1679217313.395412, "_runtime": 147.14803504943848, "_step": 10, "my_conf_mat_id_table": {"_type": "table-file", "sha256": "694a388f4cd83ac5c874947ffb78a5b5a70ad0ebb15b0631251fff8bdbb6d64d", "size": 2932, "artifact_path": "wandb-client-artifact://cdpxz68nv4z0su0pp5yyd4o09tikfl8ijsdlrvv4jjl4r5ge0midzkguqpra4l0jaejm3ns9vo86afetrxpeud8gwx1d4swdsey3vuoxymanu6un73tkwma77cyel2v0:latest/my_conf_mat_id_table.table.json", "_latest_artifact_path": "wandb-client-artifact://cdpxz68nv4z0su0pp5yyd4o09tikfl8ijsdlrvv4jjl4r5ge0midzkguqpra4l0jaejm3ns9vo86afetrxpeud8gwx1d4swdsey3vuoxymanu6un73tkwma77cyel2v0:latest/my_conf_mat_id_table.table.json", "path": "media/table/my_conf_mat_id_table_10_694a388f4cd83ac5c874.table.json", "ncols": 3, "nrows": 100}}