{"train_accuracy": 0.8937222222222222, "train_error": 0.40750756699338503, "val_accuracy": 0.8661666666666666, "val_error": 0.5484854018884332, "_timestamp": 1678532291.5410504, "_runtime": 155.85031151771545, "_step": 9, "_wandb": {"runtime": 154}}