{"train_accuracy": 0.8010185185185185, "train_error": 0.8180738003658578, "val_accuracy": 0.8053333333333333, "val_error": 0.826284341136139, "_timestamp": 1678523024.5661705, "_runtime": 79.43341755867004, "_step": 9, "_wandb": {"runtime": 78}}