{"train_accuracy": 0.8433703703703703, "train_error": 0.23499625143540764, "val_accuracy": 0.821, "val_error": 0.2784582977012519, "_timestamp": 1679070347.5408673, "_runtime": 90.2254524230957, "_step": 7, "_wandb": {"runtime": 89}}