{"train_accuracy": 0.8775740740740741, "train_error": 0.4883778214578591, "val_accuracy": 0.8733333333333333, "val_error": 0.5275068504614703, "_timestamp": 1678137024.1184187, "_runtime": 262.7731876373291, "_step": 9, "_wandb": {"runtime": 262}}