{"train_accuracy": 0.8518148148148148, "train_error": 0.595641594059964, "val_accuracy": 0.851, "val_error": 0.6018921338747737, "_timestamp": 1679091881.0338855, "_runtime": 183.42137455940247, "_step": 9, "_wandb": {"runtime": 182}}