{"train_accuracy": 0.8967037037037037, "train_error": 0.4036491132465596, "val_accuracy": 0.8876666666666667, "val_error": 0.46326913236354095, "_timestamp": 1678534072.841691, "_runtime": 124.05713200569153, "_step": 7, "_wandb": {"runtime": 123}}