{"train_accuracy": 0.8736296296296296, "train_error": 0.5043511102327733, "val_accuracy": 0.8645, "val_error": 0.538876902366815, "_timestamp": 1679102241.1967156, "_runtime": 105.25196957588196, "_step": 9, "_wandb": {"runtime": 104}}