{"train_accuracy": 0.7570925925925925, "train_error": 0.37025242382467444, "val_accuracy": 0.7426666666666667, "val_error": 0.40968242192294896, "_timestamp": 1679131234.311277, "_runtime": 238.8826458454132, "_step": 9, "_wandb": {"runtime": 237}}