{"train_accuracy": 0.8607037037037037, "train_error": 0.5677788153804103, "val_accuracy": 0.8551666666666666, "val_error": 0.5933656602674215, "_timestamp": 1679087392.12896, "_runtime": 51.8996148109436, "_step": 4, "_wandb": {"runtime": 51}}