{"train_accuracy": 0.8334259259259259, "train_error": 0.6855835275035093, "val_accuracy": 0.8378333333333333, "val_error": 0.6939506932182096, "_timestamp": 1679080906.2761679, "_runtime": 55.101969957351685, "_step": 4, "_wandb": {"runtime": 54}}