{"train_accuracy": 0.8355185185185185, "train_error": 0.6705207371374683, "val_accuracy": 0.8375, "val_error": 0.6833346555486711, "_timestamp": 1679080514.080005, "_runtime": 55.78318691253662, "_step": 4, "_wandb": {"runtime": 54}}