{"train_accuracy": 0.797, "train_error": 0.8068063992480888, "val_accuracy": 0.788, "val_error": 0.8428564038143326, "_timestamp": 1678522390.9461408, "_runtime": 76.08389472961426, "_step": 7, "_wandb": {"runtime": 75}}