{"train_accuracy": 0.8692222222222222, "train_error": 0.5149766046921481, "val_accuracy": 0.8661666666666666, "val_error": 0.533292228185935, "_timestamp": 1679137964.7820764, "_runtime": 43.32824635505676, "_step": 4, "_wandb": {"runtime": 42}}