{"train_accuracy": 0.873, "train_error": 0.5079720163928249, "val_accuracy": 0.8666666666666667, "val_error": 0.5426136383908198, "_timestamp": 1678135176.7665868, "_runtime": 229.7057158946991, "_step": 9, "_wandb": {"runtime": 228}}