{"train_accuracy": 0.8793148148148148, "train_error": 0.4739002822552926, "val_accuracy": 0.8695, "val_error": 0.5060744486595854, "_timestamp": 1679214919.1513152, "_runtime": 91.20753026008606, "_step": 10, "my_conf_mat_id_table": {"_type": "table-file", "sha256": "222a6a5204c0a36f7a41b6e036fba97f45df04ff8b2a5985a7303eb1b47f4a1b", "size": 2931, "artifact_path": "wandb-client-artifact://eg9dk0c3qhh91l5sdt0sq4yi5qvopb9qjyo79z44u82z6o3pjfihd8uiober63xjx7bohvry92sueq61f2nmgfa1i69zmaplo2z9e1ppzkvnkdk206hqagg3zk06ctc2:latest/my_conf_mat_id_table.table.json", "_latest_artifact_path": "wandb-client-artifact://eg9dk0c3qhh91l5sdt0sq4yi5qvopb9qjyo79z44u82z6o3pjfihd8uiober63xjx7bohvry92sueq61f2nmgfa1i69zmaplo2z9e1ppzkvnkdk206hqagg3zk06ctc2:latest/my_conf_mat_id_table.table.json", "path": "media/table/my_conf_mat_id_table_10_222a6a5204c0a36f7a41.table.json", "ncols": 3, "nrows": 100}, "_wandb": {"runtime": 90}}