{"train_accuracy": 0.8991296296296296, "train_error": 0.38039836441766695, "val_accuracy": 0.88, "val_error": 0.49209388480598765, "_timestamp": 1679105746.7379184, "_runtime": 140.8298373222351, "_step": 9, "_wandb": {"runtime": 139}}