{"train_accuracy": 0.8795925925925926, "train_error": 0.17449381943568343, "val_accuracy": 0.8688333333333333, "val_error": 0.18500258767727204, "_timestamp": 1679076461.2065716, "_runtime": 86.49223446846008, "_step": 4, "_wandb": {"runtime": 85}}