{"train_accuracy": 0.8692777777777778, "train_error": 0.5249061946179969, "val_accuracy": 0.8621666666666666, "val_error": 0.5487566816796726, "_timestamp": 1679112175.5109453, "_runtime": 77.92816543579102, "_step": 9, "_wandb": {"runtime": 77}}