{"train_accuracy": 0.8898888888888888, "train_error": 0.4171954253483399, "val_accuracy": 0.8658333333333333, "val_error": 0.5522569474340349, "_timestamp": 1679089179.6614702, "_runtime": 214.07102012634277, "_step": 9, "_wandb": {"runtime": 213}}