{"train_accuracy": 0.8247407407407408, "train_error": 0.7156666847251362, "val_accuracy": 0.825, "val_error": 0.7166317116718784, "_timestamp": 1679102960.9962587, "_runtime": 78.99988770484924, "_step": 9, "_wandb": {"runtime": 78}}