{"train_accuracy": 0.4925185185185185, "train_error": 1.6816414887926108, "val_accuracy": 0.4866666666666667, "val_error": 1.6843681768417127, "_timestamp": 1678172192.2548988, "_runtime": 69.19463181495667, "_step": 9, "_wandb": {"runtime": 68}}