{"train_accuracy": 0.8029814814814815, "train_error": 0.8178809287272585, "val_accuracy": 0.7976666666666666, "val_error": 0.8259019823478319, "_timestamp": 1679113314.0180645, "_runtime": 106.74099159240723, "_step": 9, "_wandb": {"runtime": 103}}