{"train_accuracy": 0.8787037037037037, "train_error": 0.46826539228942865, "val_accuracy": 0.8738333333333334, "val_error": 0.5043319580106881, "_timestamp": 1679103594.0575683, "_runtime": 71.02459740638733, "_step": 7, "_wandb": {"runtime": 70}}