{"train_accuracy": 0.538074074074074, "train_error": 1.6020409201049732, "val_accuracy": 0.5385, "val_error": 1.6030913364349517, "_timestamp": 1678125582.55713, "_runtime": 40.105717182159424, "_step": 4, "_wandb": {"runtime": 38}}