{"train_accuracy": 0.8596851851851852, "train_error": 0.5701460610492641, "val_accuracy": 0.8516666666666667, "val_error": 0.5855254300021502, "_timestamp": 1678541407.6157572, "_runtime": 64.5923182964325, "_step": 7, "_wandb": {"runtime": 63}}