{"train_accuracy": 0.889, "train_error": 0.4476099864877872, "val_accuracy": 0.8823333333333333, "val_error": 0.49490682507583644, "_timestamp": 1678534811.4384, "_runtime": 90.03851795196533, "_step": 9, "_wandb": {"runtime": 89}}