{"train_accuracy": 0.8826666666666667, "train_error": 0.4729195129191198, "val_accuracy": 0.88, "val_error": 0.5039295768085118, "_timestamp": 1679112667.8133254, "_runtime": 106.00119137763977, "_step": 9, "_wandb": {"runtime": 105}}