{"train_accuracy": 0.8973518518518518, "train_error": 0.39573853185434354, "val_accuracy": 0.886, "val_error": 0.4641286383302122, "_timestamp": 1679098425.5514717, "_runtime": 180.9438717365265, "_step": 9, "_wandb": {"runtime": 180}}