{"train_accuracy": 0.8753333333333333, "train_error": 0.46612062724116754, "val_accuracy": 0.873, "val_error": 0.5084468202152773, "_timestamp": 1679213147.172815, "_runtime": 106.09565901756287, "_step": 8, "my_conf_mat_id_table": {"_type": "table-file", "sha256": "1e890046bdd3886b9a4e3e991ea2177de7971e1245735c02df269234abab1242", "size": 2930, "artifact_path": "wandb-client-artifact://3m81brd66bezb84ddnlu2furwyc66wenardm27mzviwi84msqve43crxz1c03la6zzjt1dr4xxf7hvlmec7or52q0m3i27ksipveh64uhkspcxtnzu8mea83750ov8c1:latest/my_conf_mat_id_table.table.json", "_latest_artifact_path": "wandb-client-artifact://3m81brd66bezb84ddnlu2furwyc66wenardm27mzviwi84msqve43crxz1c03la6zzjt1dr4xxf7hvlmec7or52q0m3i27ksipveh64uhkspcxtnzu8mea83750ov8c1:latest/my_conf_mat_id_table.table.json", "path": "media/table/my_conf_mat_id_table_8_1e890046bdd3886b9a4e.table.json", "ncols": 3, "nrows": 100}, "_wandb": {"runtime": 105}}