{"train_accuracy": 0.8339074074074074, "train_error": 0.6688354007046035, "val_accuracy": 0.8291666666666667, "val_error": 0.7146005829279582, "_timestamp": 1679080212.298542, "_runtime": 63.39883899688721, "_step": 4, "_wandb": {"runtime": 62}}