{"train_accuracy": 0.8850370370370371, "train_error": 0.4503288032131369, "val_accuracy": 0.8785, "val_error": 0.5027087643819111, "_timestamp": 1678143244.7566297, "_runtime": 290.1056578159332, "_step": 9, "_wandb": {"runtime": 289}}