{"train_accuracy": 0.8873888888888889, "train_error": 0.4368664835202013, "val_accuracy": 0.8701666666666666, "val_error": 0.5332962995573445, "_timestamp": 1679095564.0503974, "_runtime": 126.88255429267883, "_step": 7, "_wandb": {"runtime": 126}}