{"train_accuracy": 0.8733703703703704, "train_error": 0.5064784316983778, "val_accuracy": 0.8706666666666667, "val_error": 0.5284253065761426, "_timestamp": 1678536512.9116485, "_runtime": 129.31476259231567, "_step": 7, "_wandb": {"runtime": 128}}