{"train_accuracy": 0.8983703703703704, "train_error": 0.39238269158426614, "val_accuracy": 0.88, "val_error": 0.4767281918281203, "_timestamp": 1679213981.0588741, "_runtime": 137.43480515480042, "_step": 10, "my_conf_mat_id_table": {"_type": "table-file", "sha256": "4f6e69982e4b7809c0a4c7fa802eae764264a8049fec89bc13dc084bfd68f4a3", "size": 2932, "artifact_path": "wandb-client-artifact://15e0yb4b6c6gm3n0j3nw5iodpnhic0kldf8hifl2l1jbybz4md8vclue1le98zvkftgfsrrp9tadggv2kpedvidjrohk934ibt729f4l2qw4faes4iwk0zoh3an1j8xe:latest/my_conf_mat_id_table.table.json", "_latest_artifact_path": "wandb-client-artifact://15e0yb4b6c6gm3n0j3nw5iodpnhic0kldf8hifl2l1jbybz4md8vclue1le98zvkftgfsrrp9tadggv2kpedvidjrohk934ibt729f4l2qw4faes4iwk0zoh3an1j8xe:latest/my_conf_mat_id_table.table.json", "path": "media/table/my_conf_mat_id_table_10_4f6e69982e4b7809c0a4.table.json", "ncols": 3, "nrows": 100}, "_wandb": {"runtime": 136}}