{"train_accuracy": 0.886962962962963, "train_error": 0.1658277002445233, "val_accuracy": 0.8761666666666666, "val_error": 0.1814494231790793, "_timestamp": 1679073437.1341765, "_runtime": 59.744638442993164, "_step": 4, "_wandb": {"runtime": 58}}