{"train_accuracy": 0.8715185185185185, "train_error": 0.5152881312678562, "val_accuracy": 0.8631666666666666, "val_error": 0.545084497464903, "_timestamp": 1678176728.2655523, "_runtime": 269.6244742870331, "_step": 9, "_wandb": {"runtime": 268}}