{"train_accuracy": 0.8872777777777778, "train_error": 0.4470825574284742, "val_accuracy": 0.8783333333333333, "val_error": 0.49582896894396566, "_timestamp": 1679107172.8112717, "_runtime": 139.5498697757721, "_step": 9, "_wandb": {"runtime": 138}}