{"train_accuracy": 0.7177777777777777, "train_error": 0.9950706326300875, "val_accuracy": 0.7218333333333333, "val_error": 0.9880230926331021, "_timestamp": 1678163271.3683774, "_runtime": 173.3195035457611, "_step": 9, "_wandb": {"runtime": 172}}