{"train_accuracy": 0.19075925925925927, "train_error": 3.3149472911993523, "val_accuracy": 0.18466666666666667, "val_error": 3.315211026543142, "_timestamp": 1679112318.5980766, "_runtime": 125.14859962463379, "_step": 9, "_wandb": {"runtime": 124}}