{"train_accuracy": 0.8885, "train_error": 0.4376818540835124, "val_accuracy": 0.8771666666666667, "val_error": 0.5016674219377868, "_timestamp": 1679146900.0560799, "_runtime": 69.25646996498108, "_step": 9, "_wandb": {"runtime": 68}}