{"train_accuracy": 0.8863703703703704, "train_error": 0.43909755820788227, "val_accuracy": 0.8586666666666667, "val_error": 0.5803965002563234, "_timestamp": 1679140517.225452, "_runtime": 105.61189985275269, "_step": 7, "_wandb": {"runtime": 103}}