{"train_accuracy": 0.8818333333333334, "train_error": 0.45065706341305756, "val_accuracy": 0.8666666666666667, "val_error": 0.5375289736788859, "_timestamp": 1678147351.4189131, "_runtime": 308.7333290576935, "_step": 9, "_wandb": {"runtime": 307}}