{"train_accuracy": 0.8706296296296296, "train_error": 0.4964192389051852, "val_accuracy": 0.858, "val_error": 0.5910009386205786, "_timestamp": 1679081539.914222, "_runtime": 113.48927688598633, "_step": 7, "_wandb": {"runtime": 111}}