{"train_accuracy": 0.8743703703703704, "train_error": 0.5002839408026037, "val_accuracy": 0.8631666666666666, "val_error": 0.5510765029741705, "_timestamp": 1678143839.5211294, "_runtime": 97.06578230857849, "_step": 9, "_wandb": {"runtime": 96}}