{"train_accuracy": 0.8929814814814815, "train_error": 0.4278459229303105, "val_accuracy": 0.887, "val_error": 0.4704357389444329, "_timestamp": 1679225268.402916, "_runtime": 149.88786602020264, "_step": 10, "my_conf_mat_id_table": {"_type": "table-file", "sha256": "694a388f4cd83ac5c874947ffb78a5b5a70ad0ebb15b0631251fff8bdbb6d64d", "size": 2932, "artifact_path": "wandb-client-artifact://khhfjw135hl7tr98fsbhxf7vp38cy57cmm1d0w3alk2kkbchc2zydd3icycrmim564w5qdtx8wkf4225nw9ku4akzpfkxtop03myg8o2px6v5iogn42pmb9r09ucfc1f:latest/my_conf_mat_id_table.table.json", "_latest_artifact_path": "wandb-client-artifact://khhfjw135hl7tr98fsbhxf7vp38cy57cmm1d0w3alk2kkbchc2zydd3icycrmim564w5qdtx8wkf4225nw9ku4akzpfkxtop03myg8o2px6v5iogn42pmb9r09ucfc1f:latest/my_conf_mat_id_table.table.json", "path": "media/table/my_conf_mat_id_table_10_694a388f4cd83ac5c874.table.json", "ncols": 3, "nrows": 100}, "_wandb": {"runtime": 149}}