{"train_accuracy": 0.8768148148148148, "train_error": 0.48456538960241163, "val_accuracy": 0.8773333333333333, "val_error": 0.5135418816105279, "_timestamp": 1679102765.6962335, "_runtime": 155.81192660331726, "_step": 9, "_wandb": {"runtime": 155}}