{"train_accuracy": 0.8504074074074074, "train_error": 0.5930362011640867, "val_accuracy": 0.852, "val_error": 0.6073660523677265, "_timestamp": 1679081407.1289413, "_runtime": 62.42944836616516, "_step": 4, "_wandb": {"runtime": 60}}