{"train_accuracy": 0.8720555555555556, "train_error": 0.4972356516707258, "val_accuracy": 0.859, "val_error": 0.560724586324233, "_timestamp": 1679143130.4309814, "_runtime": 46.77765440940857, "_step": 4, "_wandb": {"runtime": 45}}