{"train_accuracy": 0.8758333333333334, "train_error": 0.4944598555766174, "val_accuracy": 0.8678333333333333, "val_error": 0.5252394885326438, "_timestamp": 1678540024.572198, "_runtime": 116.05307984352112, "_step": 9, "_wandb": {"runtime": 115}}