{"train_accuracy": 0.8701666666666666, "train_error": 0.1849055023621752, "val_accuracy": 0.8643333333333333, "val_error": 0.19512031979822836, "_timestamp": 1679136350.0340834, "_runtime": 49.76217746734619, "_step": 4, "_wandb": {"runtime": 48}}