{"train_accuracy": 0.8633888888888889, "train_error": 0.5594030635974485, "val_accuracy": 0.8553333333333333, "val_error": 0.5952861021966424, "_timestamp": 1678132438.1382704, "_runtime": 168.78376746177673, "_step": 9, "_wandb": {"runtime": 168}}