{"train_accuracy": 0.8461851851851852, "train_error": 0.6338330215963214, "val_accuracy": 0.836, "val_error": 0.6922869896505387, "_timestamp": 1678552265.0660994, "_runtime": 149.38239741325378, "_step": 9, "_wandb": {"runtime": 148}}