{"train_accuracy": 0.8697777777777778, "train_error": 0.5322383305452857, "val_accuracy": 0.8625, "val_error": 0.5584601263071646, "_timestamp": 1678551524.5952973, "_runtime": 157.7902853488922, "_step": 9, "_wandb": {"runtime": 157}}