{"train_accuracy": 0.8677037037037038, "train_error": 0.19120569479981966, "val_accuracy": 0.8548333333333333, "val_error": 0.2101844565341883, "_timestamp": 1679072270.7985425, "_runtime": 76.06369853019714, "_step": 7, "_wandb": {"runtime": 75}}