{"train_accuracy": 0.829574074074074, "train_error": 0.7136283146384862, "val_accuracy": 0.8355, "val_error": 0.7154528341864129, "_timestamp": 1679101463.90378, "_runtime": 70.20353507995605, "_step": 7, "_wandb": {"runtime": 69}}