{"train_accuracy": 0.9863518518518518, "train_error": 0.06555100840306866, "val_accuracy": 0.9751666666666666, "val_error": 0.11356587603127584, "_timestamp": 1679163345.8959596, "_runtime": 125.8067376613617, "_step": 10, "my_conf_mat_id_table": {"_type": "table-file", "sha256": "b479034a30ed2d3bc6896806965a9022c5fe9acc8db8157623e9890654d990ed", "size": 2910, "artifact_path": "wandb-client-artifact://6kqqmj5uy3ve4vqkkep8d93drs63qbhu4towuwmzwm1st31helz3e8fywf9az1uxg18wg7xn3p2avmodgxcou1b0vy5r75mevbv4apa4ywud2l487rohc55nefb7br79:latest/my_conf_mat_id_table.table.json", "_latest_artifact_path": "wandb-client-artifact://6kqqmj5uy3ve4vqkkep8d93drs63qbhu4towuwmzwm1st31helz3e8fywf9az1uxg18wg7xn3p2avmodgxcou1b0vy5r75mevbv4apa4ywud2l487rohc55nefb7br79:latest/my_conf_mat_id_table.table.json", "path": "media/table/my_conf_mat_id_table_10_b479034a30ed2d3bc689.table.json", "ncols": 3, "nrows": 100}, "_wandb": {"runtime": 126}}