{"train_accuracy": 0.8779814814814815, "train_error": 0.472003758585835, "val_accuracy": 0.8605, "val_error": 0.5372330563207025, "_timestamp": 1679089525.334957, "_runtime": 105.48414778709412, "_step": 7, "_wandb": {"runtime": 104}}