{"train_accuracy": 0.865537037037037, "train_error": 0.527927349657781, "val_accuracy": 0.8611666666666666, "val_error": 0.5515047238243962, "_timestamp": 1678136741.4163096, "_runtime": 214.87118363380432, "_step": 9, "_wandb": {"runtime": 214}}