{"train_accuracy": 0.8789074074074074, "train_error": 0.17596595182716518, "val_accuracy": 0.8746666666666667, "val_error": 0.18791719727081463, "_timestamp": 1679153680.8286557, "_runtime": 207.9486927986145, "_step": 9, "_wandb": {"runtime": 207}}