{"train_accuracy": 0.8757777777777778, "train_error": 0.4686831373404303, "val_accuracy": 0.8721666666666666, "val_error": 0.5059298661072985, "_timestamp": 1679104387.7779212, "_runtime": 91.59346318244934, "_step": 4, "_wandb": {"runtime": 90}}