{"train_accuracy": 0.8506296296296296, "train_error": 0.6089770807232396, "val_accuracy": 0.8495, "val_error": 0.6248700204016288, "_timestamp": 1678524101.0243025, "_runtime": 93.78578352928162, "_step": 9, "_wandb": {"runtime": 92}}