{"train_accuracy": 0.8949814814814815, "train_error": 0.4134901046228228, "val_accuracy": 0.8758333333333334, "val_error": 0.4867367812496035, "_timestamp": 1679147403.2163868, "_runtime": 124.81505370140076, "_step": 9, "_wandb": {"runtime": 123}}