{"train_accuracy": 0.10085185185185185, "train_error": 3.3608767351164457, "val_accuracy": 0.10533333333333333, "val_error": 3.3545397715769982, "_timestamp": 1678128732.50572, "_runtime": 141.99794101715088, "_step": 4, "_wandb": {"runtime": 141}}