{"train_accuracy": 0.8302222222222222, "train_error": 0.6895241003667162, "val_accuracy": 0.8261666666666667, "val_error": 0.7033375721359886, "_timestamp": 1678155456.3394442, "_runtime": 116.48994517326355, "_step": 9, "_wandb": {"runtime": 115}}