{"train_accuracy": 0.8750370370370371, "train_error": 0.4844201722239028, "val_accuracy": 0.866, "val_error": 0.5164499884207897, "_timestamp": 1678178007.8042305, "_runtime": 161.75205254554749, "_step": 9, "_wandb": {"runtime": 160}}