{"train_accuracy": 0.8924444444444445, "train_error": 0.418950679334448, "val_accuracy": 0.8808333333333334, "val_error": 0.47259095280454777, "_timestamp": 1678129585.3094769, "_runtime": 234.94347381591797, "_step": 9, "_wandb": {"runtime": 234}}