{"train_accuracy": 0.8855, "train_error": 0.16954490588321272, "val_accuracy": 0.8741666666666666, "val_error": 0.18488053404911228, "_timestamp": 1679071133.7796469, "_runtime": 99.02881789207458, "_step": 9, "_wandb": {"runtime": 97}}