{"train_accuracy": 0.8756851851851852, "train_error": 0.49257492582571133, "val_accuracy": 0.8671666666666666, "val_error": 0.5343560199589971, "_timestamp": 1678153201.4742076, "_runtime": 226.13119673728943, "_step": 9, "_wandb": {"runtime": 225}}