{"train_accuracy": 0.10031481481481481, "train_error": 3.293189437750438, "val_accuracy": 0.09716666666666667, "val_error": 3.293005747109731, "_timestamp": 1678161861.732796, "_runtime": 106.0865318775177, "_step": 9, "_wandb": {"runtime": 105}}