{"train_accuracy": 0.8759074074074074, "train_error": 0.4596395401386206, "val_accuracy": 0.8641666666666666, "val_error": 0.5497379354951338, "_timestamp": 1678178543.054085, "_runtime": 108.72936797142029, "_step": 9, "_wandb": {"runtime": 107}}