{"train_accuracy": 0.875, "train_error": 0.479746229861861, "val_accuracy": 0.8576666666666667, "val_error": 0.5757487172437291, "_timestamp": 1679085026.6067266, "_runtime": 103.26901173591614, "_step": 4, "_wandb": {"runtime": 102}}