{"train_accuracy": 0.8891851851851852, "train_error": 0.16269558677084395, "val_accuracy": 0.8761666666666666, "val_error": 0.1810078471416735, "_timestamp": 1679133941.515107, "_runtime": 91.49733185768127, "_step": 7, "_wandb": {"runtime": 90}}