{"train_accuracy": 0.8930370370370371, "train_error": 0.41469474022006153, "val_accuracy": 0.881, "val_error": 0.490438239591883, "_timestamp": 1678139323.0698507, "_runtime": 130.3524887561798, "_step": 9, "_wandb": {"runtime": 129}}