{"train_accuracy": 0.8684074074074074, "train_error": 0.19059196553485708, "val_accuracy": 0.8616666666666667, "val_error": 0.1985674075978694, "_timestamp": 1679077340.3932834, "_runtime": 127.49507546424866, "_step": 4, "_wandb": {"runtime": 126}}