{"train_accuracy": 0.8333888888888888, "train_error": 0.6912511801469452, "val_accuracy": 0.8288333333333333, "val_error": 0.7221910151924872, "_timestamp": 1678149348.7013948, "_runtime": 98.13021278381348, "_step": 9, "_wandb": {"runtime": 97}}