{"train_accuracy": 0.7900185185185186, "train_error": 0.8265180951249217, "val_accuracy": 0.7838333333333334, "val_error": 0.8444357525856874, "_timestamp": 1678140873.3045306, "_runtime": 116.65892171859741, "_step": 9, "_wandb": {"runtime": 115}}