{"train_accuracy": 0.8332777777777778, "train_error": 0.662752659800474, "val_accuracy": 0.8383333333333334, "val_error": 0.6612305888179321, "_timestamp": 1679094487.0945046, "_runtime": 73.6587815284729, "_step": 4, "_wandb": {"runtime": 72}}