{"train_accuracy": 0.8738703703703704, "train_error": 0.49558626197723493, "val_accuracy": 0.8695, "val_error": 0.5243315803770703, "_timestamp": 1679142585.3707643, "_runtime": 47.75627136230469, "_step": 4, "_wandb": {"runtime": 46}}