{"train_accuracy": 0.8728148148148148, "train_error": 0.5061871312057871, "val_accuracy": 0.8685, "val_error": 0.5469109774263007, "_timestamp": 1679137520.50894, "_runtime": 77.86319994926453, "_step": 7, "_wandb": {"runtime": 76}}