{"train_accuracy": 0.8936111111111111, "train_error": 0.4090302005012159, "val_accuracy": 0.8778333333333334, "val_error": 0.5006674609989491, "_timestamp": 1679114354.9427178, "_runtime": 122.75206589698792, "_step": 9, "_wandb": {"runtime": 122}}