{"train_accuracy": 0.863037037037037, "train_error": 0.5541463627361354, "val_accuracy": 0.8531666666666666, "val_error": 0.5974076288399397, "_timestamp": 1679107266.7932816, "_runtime": 73.79610562324524, "_step": 9, "_wandb": {"runtime": 73}}