{"train_accuracy": 0.8828148148148148, "train_error": 0.4586950260952617, "val_accuracy": 0.8766666666666667, "val_error": 0.500754872992371, "_timestamp": 1678158272.8681197, "_runtime": 250.11851572990417, "_step": 9, "_wandb": {"runtime": 249}}