{"train_accuracy": 0.865462962962963, "train_error": 0.5345730871458605, "val_accuracy": 0.8648333333333333, "val_error": 0.5523952988482614, "_timestamp": 1678127273.3253872, "_runtime": 61.62539315223694, "_step": 4, "_wandb": {"runtime": 60}}