{"train_accuracy": 0.8705555555555555, "train_error": 0.5162142323027106, "val_accuracy": 0.8686666666666667, "val_error": 0.5336413794983409, "_timestamp": 1679109323.503344, "_runtime": 87.14494299888611, "_step": 7, "_wandb": {"runtime": 86}}