{"train_accuracy": 0.889462962962963, "train_error": 0.1618661069701581, "val_accuracy": 0.8783333333333333, "val_error": 0.1748016278397943, "_timestamp": 1679073962.3033493, "_runtime": 93.71872615814209, "_step": 7, "_wandb": {"runtime": 92}}