{"train_accuracy": 0.8637962962962963, "train_error": 0.1998549039963579, "val_accuracy": 0.8586666666666667, "val_error": 0.20545360323365802, "_timestamp": 1679072177.4834719, "_runtime": 83.259685754776, "_step": 4, "_wandb": {"runtime": 82}}