{"train_accuracy": 0.8743148148148148, "train_error": 0.49742104695319134, "val_accuracy": 0.8685, "val_error": 0.5294391461158146, "_timestamp": 1678144143.5448704, "_runtime": 289.12670135498047, "_step": 9, "_wandb": {"runtime": 288}}