{"train_accuracy": 0.7910555555555555, "train_error": 0.8306392430512561, "val_accuracy": 0.7846666666666666, "val_error": 0.847276290529524, "_timestamp": 1679078725.3536842, "_runtime": 97.61540722846985, "_step": 7, "_wandb": {"runtime": 93}}