{"train_accuracy": 0.8851111111111111, "train_error": 0.44870581589270403, "val_accuracy": 0.875, "val_error": 0.5154644979022726, "_timestamp": 1679142248.8148494, "_runtime": 105.51501727104187, "_step": 9, "_wandb": {"runtime": 104}}