{"train_accuracy": 0.8706296296296296, "train_error": 0.5028059912422692, "val_accuracy": 0.8611666666666666, "val_error": 0.5843543430541274, "_timestamp": 1679211949.260901, "_runtime": 132.11475706100464, "_step": 10, "my_conf_mat_id_table": {"_type": "table-file", "sha256": "0358c0fa2c33e77f234c54c4acb7dec2c282e6fc324098c46eeb576c1c27e83b", "size": 2934, "artifact_path": "wandb-client-artifact://n2mnld82we67mb0znz32bqdycs3ghjpiok4c6ifrstsks0esmsaitjcsfzez9wlf41s7xycinba6w763unzq3639k51tuvk11qjudmvfkyltr3arffqsx58irit49zid:latest/my_conf_mat_id_table.table.json", "_latest_artifact_path": "wandb-client-artifact://n2mnld82we67mb0znz32bqdycs3ghjpiok4c6ifrstsks0esmsaitjcsfzez9wlf41s7xycinba6w763unzq3639k51tuvk11qjudmvfkyltr3arffqsx58irit49zid:latest/my_conf_mat_id_table.table.json", "path": "media/table/my_conf_mat_id_table_10_0358c0fa2c33e77f234c.table.json", "ncols": 3, "nrows": 100}, "_wandb": {"runtime": 131}}