{"train_accuracy": 0.8874074074074074, "train_error": 0.44807409743924426, "val_accuracy": 0.8811666666666667, "val_error": 0.48932774630836356, "_timestamp": 1678538627.5564363, "_runtime": 100.81720018386841, "_step": 9, "_wandb": {"runtime": 99}}