{"train_accuracy": 0.8705555555555555, "train_error": 0.5204047451595966, "val_accuracy": 0.8653333333333333, "val_error": 0.5562701846208086, "_timestamp": 1678175114.7966344, "_runtime": 278.3784053325653, "_step": 9, "_wandb": {"runtime": 277}}