{"train_accuracy": 0.8291481481481482, "train_error": 0.69925999994362, "val_accuracy": 0.8366666666666667, "val_error": 0.6994902162668668, "_timestamp": 1679087701.3441741, "_runtime": 62.618367195129395, "_step": 4, "_wandb": {"runtime": 61}}