{"train_accuracy": 0.8553888888888889, "train_error": 0.5770735639997616, "val_accuracy": 0.8486666666666667, "val_error": 0.6048459902473301, "_timestamp": 1678136148.732036, "_runtime": 151.46874904632568, "_step": 9, "_wandb": {"runtime": 150}}