{"train_accuracy": 0.885425925925926, "train_error": 0.4378490680601661, "val_accuracy": 0.8693333333333333, "val_error": 0.5057934985717198, "_timestamp": 1679144255.3259637, "_runtime": 126.17248272895813, "_step": 9, "_wandb": {"runtime": 125}}