{"train_accuracy": 0.8363518518518519, "train_error": 0.6762223890138065, "val_accuracy": 0.824, "val_error": 0.7317991681744173, "_timestamp": 1679110138.287214, "_runtime": 188.99872612953186, "_step": 9, "_wandb": {"runtime": 188}}