{"train_accuracy": 0.8701296296296296, "train_error": 0.4814853735191552, "val_accuracy": 0.8605, "val_error": 0.5477753437234113, "_timestamp": 1678150144.4003632, "_runtime": 121.71805620193481, "_step": 9, "_wandb": {"runtime": 120}}