{"train_accuracy": 0.8921851851851852, "train_error": 0.4149816405619244, "val_accuracy": 0.8663333333333333, "val_error": 0.550927774872048, "_timestamp": 1679141763.5657225, "_runtime": 111.479332447052, "_step": 9, "_wandb": {"runtime": 110}}