{"train_accuracy": 0.89, "train_error": 0.4414316845415666, "val_accuracy": 0.8745, "val_error": 0.5018567304808661, "_timestamp": 1678129929.091109, "_runtime": 140.09564900398254, "_step": 9, "_wandb": {"runtime": 139}}