{"train_accuracy": 0.8741481481481481, "train_error": 0.487942526767264, "val_accuracy": 0.8656666666666667, "val_error": 0.5435220003614811, "_timestamp": 1678537374.825174, "_runtime": 115.24220418930054, "_step": 9, "_wandb": {"runtime": 114}}