{"train_accuracy": 0.8643518518518518, "train_error": 0.5417803369017609, "val_accuracy": 0.862, "val_error": 0.562310247408339, "_timestamp": 1678532963.7694347, "_runtime": 99.17441058158875, "_step": 9, "_wandb": {"runtime": 97}}