{"train_accuracy": 0.8882222222222222, "train_error": 0.4194211090856786, "val_accuracy": 0.8756666666666667, "val_error": 0.5313274684117979, "_timestamp": 1678146587.0259154, "_runtime": 246.18138432502747, "_step": 9, "_wandb": {"runtime": 245}}