{"train_accuracy": 0.7850925925925926, "train_error": 1.753126056509785, "val_accuracy": 0.7746666666666666, "val_error": 2.4570779304567494, "_timestamp": 1679099604.595443, "_runtime": 61.559669971466064, "_step": 4, "_wandb": {"runtime": 60}}