{"train_accuracy": 0.8931296296296296, "train_error": 0.4150641963292218, "val_accuracy": 0.8763333333333333, "val_error": 0.500430668525627, "_timestamp": 1679084469.7344449, "_runtime": 125.6225209236145, "_step": 9, "_wandb": {"runtime": 124}}