{"train_accuracy": 0.8932222222222223, "train_error": 0.1551190658002554, "val_accuracy": 0.878, "val_error": 0.17330895580187025, "_timestamp": 1679136113.1342833, "_runtime": 167.81952738761902, "_step": 9, "_wandb": {"runtime": 166}}