{"train_accuracy": 0.8421666666666666, "train_error": 0.6537754853611084, "val_accuracy": 0.8413333333333334, "val_error": 0.6730252722414941, "_timestamp": 1679214075.6057115, "_runtime": 76.26680755615234, "_step": 8, "my_conf_mat_id_table": {"_type": "table-file", "sha256": "6aecb5c6d72f6dae9d154d6df74a27f43f24425060ab65ef32584cf67c9623a7", "size": 2937, "artifact_path": "wandb-client-artifact://8qtm1fdc5wpcp8bf22qxloytx1amrq22e0l2h1es6tll1x2rma99a2uoeputcr0fakc8a6gmgfcwuh2ng20olvkarfqyppoosix7pwvtgq43td5bpoyifzz89k6u1cfr:latest/my_conf_mat_id_table.table.json", "_latest_artifact_path": "wandb-client-artifact://8qtm1fdc5wpcp8bf22qxloytx1amrq22e0l2h1es6tll1x2rma99a2uoeputcr0fakc8a6gmgfcwuh2ng20olvkarfqyppoosix7pwvtgq43td5bpoyifzz89k6u1cfr:latest/my_conf_mat_id_table.table.json", "path": "media/table/my_conf_mat_id_table_8_6aecb5c6d72f6dae9d15.table.json", "ncols": 3, "nrows": 100}, "_wandb": {"runtime": 75}}