{"train_accuracy": 0.8942037037037037, "train_error": 0.403870799844053, "val_accuracy": 0.8851666666666667, "val_error": 0.4722430217093936, "_timestamp": 1678533643.8881936, "_runtime": 68.37664151191711, "_step": 7, "_wandb": {"runtime": 67}}