{"train_accuracy": 0.8738518518518519, "train_error": 0.5067121863754279, "val_accuracy": 0.8658333333333333, "val_error": 0.5530552029337149, "_timestamp": 1678146320.7864501, "_runtime": 112.93620324134827, "_step": 9, "_wandb": {"runtime": 112}}