{"train_accuracy": 0.8715555555555555, "train_error": 0.5089033671753779, "val_accuracy": 0.8691666666666666, "val_error": 0.5315283937604441, "_timestamp": 1678537096.1708248, "_runtime": 125.21002984046936, "_step": 9, "_wandb": {"runtime": 124}}