{"train_accuracy": 0.8422962962962963, "train_error": 0.6487764660119485, "val_accuracy": 0.8431666666666666, "val_error": 0.6579120701614849, "_timestamp": 1678539889.836666, "_runtime": 104.78583908081055, "_step": 9, "_wandb": {"runtime": 103}}