{"train_accuracy": 0.8151481481481482, "train_error": 0.7592879171398645, "val_accuracy": 0.818, "val_error": 0.7673701100313424, "_timestamp": 1679086896.69423, "_runtime": 52.97629117965698, "_step": 4, "_wandb": {"runtime": 52}}