{"train_accuracy": 0.8313703703703703, "train_error": 0.6738595796830072, "val_accuracy": 0.823, "val_error": 0.7008092596943434, "_timestamp": 1679086713.1930285, "_runtime": 67.55106043815613, "_step": 4, "_wandb": {"runtime": 66}}