{"train_accuracy": 0.8932962962962963, "train_error": 0.40978991327650915, "val_accuracy": 0.8778333333333334, "val_error": 0.489412061365644, "_timestamp": 1679101281.1964273, "_runtime": 217.36801934242249, "_step": 9, "_wandb": {"runtime": 216}}