{"train_accuracy": 0.8935925925925926, "train_error": 0.15666001001883528, "val_accuracy": 0.878, "val_error": 0.1745214354772117, "_timestamp": 1679136661.623085, "_runtime": 150.91465401649475, "_step": 9, "_wandb": {"runtime": 148}}