{"train_accuracy": 0.8813888888888889, "train_error": 0.46137127458761185, "val_accuracy": 0.8765, "val_error": 0.4979356320767069, "_timestamp": 1679097571.8500588, "_runtime": 62.959776878356934, "_step": 7, "_wandb": {"runtime": 62}}