{"train_accuracy": 0.8615555555555555, "train_error": 0.5424240533817418, "val_accuracy": 0.8456666666666667, "val_error": 0.6041518102810718, "_timestamp": 1679082927.5485945, "_runtime": 72.77766442298889, "_step": 4, "_wandb": {"runtime": 71}}