{"train_accuracy": 0.8347222222222223, "train_error": 0.6661513872801637, "val_accuracy": 0.8263333333333334, "val_error": 0.7609327924410404, "_timestamp": 1679105860.4803329, "_runtime": 99.15747880935669, "_step": 4, "_wandb": {"runtime": 98}}