{"train_accuracy": 0.8712037037037037, "train_error": 0.5189370499185043, "val_accuracy": 0.8666666666666667, "val_error": 0.5509656959616662, "_timestamp": 1678150693.291239, "_runtime": 266.73848509788513, "_step": 9, "_wandb": {"runtime": 265}}