{"train_accuracy": 0.8718148148148148, "train_error": 0.5164975973844759, "val_accuracy": 0.8665, "val_error": 0.5350902322420221, "_timestamp": 1678522088.0438004, "_runtime": 96.39153623580933, "_step": 7, "_wandb": {"runtime": 95}}