{"train_accuracy": 0.8690555555555556, "train_error": 0.5185869633633454, "val_accuracy": 0.8631666666666666, "val_error": 0.5481546813704964, "_timestamp": 1679210672.6511588, "_runtime": 115.50903272628784, "_step": 10, "my_conf_mat_id_table": {"_type": "table-file", "sha256": "c631d3fc954490a7762b666379e27370b7bbfa0f816e5e25d55e08ae727e2f15", "size": 2934, "artifact_path": "wandb-client-artifact://ov20zrhlrgmlr694dpvo6dxqtwcxgxnopthyjbh2gmkp54dyfn5ygsa3a3oislsohzudbjhwyb4xmawzbavf8vx5v8wdvi5xvfluky0lbrk9g5fex62wjmetp38nqe27:latest/my_conf_mat_id_table.table.json", "_latest_artifact_path": "wandb-client-artifact://ov20zrhlrgmlr694dpvo6dxqtwcxgxnopthyjbh2gmkp54dyfn5ygsa3a3oislsohzudbjhwyb4xmawzbavf8vx5v8wdvi5xvfluky0lbrk9g5fex62wjmetp38nqe27:latest/my_conf_mat_id_table.table.json", "path": "media/table/my_conf_mat_id_table_10_c631d3fc954490a7762b.table.json", "ncols": 3, "nrows": 100}, "_wandb": {"runtime": 114}}