{"train_accuracy": 0.8795925925925926, "train_error": 0.47023155145380396, "val_accuracy": 0.8755, "val_error": 0.5114376100717363, "_timestamp": 1678530439.193832, "_runtime": 67.12958693504333, "_step": 9, "_wandb": {"runtime": 65}}