{"train_accuracy": 0.852537037037037, "train_error": 0.26376404292634525, "val_accuracy": 0.8446666666666667, "val_error": 0.28525282172872213, "_timestamp": 1679136811.1501477, "_runtime": 130.710102558136, "_step": 9, "_wandb": {"runtime": 129}}