{"train_accuracy": 0.8772777777777778, "train_error": 0.47410867314831207, "val_accuracy": 0.8731666666666666, "val_error": 0.4994747366375136, "_timestamp": 1679143728.8003275, "_runtime": 100.55857443809509, "_step": 4, "_wandb": {"runtime": 99}}