{"train_accuracy": 0.8779444444444444, "train_error": 0.4899272282491977, "val_accuracy": 0.8693333333333333, "val_error": 0.5230448450711965, "_timestamp": 1678154107.7945442, "_runtime": 175.93323731422424, "_step": 9, "_wandb": {"runtime": 175}}