{"train_accuracy": 0.8735925925925926, "train_error": 0.5069010315842948, "val_accuracy": 0.867, "val_error": 0.5325948133255123, "_timestamp": 1678525897.2449768, "_runtime": 180.5963077545166, "_step": 9, "_wandb": {"runtime": 179}}