{"train_accuracy": 0.8702592592592593, "train_error": 0.1862293202116206, "val_accuracy": 0.861, "val_error": 0.19745534828240552, "_timestamp": 1679076845.5788991, "_runtime": 105.92427825927734, "_step": 4, "_wandb": {"runtime": 104}}