{"train_accuracy": 0.9853518518518518, "train_error": 0.06725730561058593, "val_accuracy": 0.9688333333333333, "val_error": 0.13485518761453535, "_timestamp": 1679164082.880275, "_runtime": 102.26972389221191, "_step": 10, "my_conf_mat_id_table": {"_type": "table-file", "sha256": "367224d22bb0918aff6b1e29d3c8c5a868f642912dc365a6f18decd6304bfa97", "size": 2913, "artifact_path": "wandb-client-artifact://op50d17s1mwur5lkz1ttsurvscdzyazcgv5tntkibq5d4swjvrlp6u1xhg11inlxzu7t1vd118ckt29djqxsygfgtklmlx74hpq06h3polldie1y4fc82vr4fkkunqn3:latest/my_conf_mat_id_table.table.json", "_latest_artifact_path": "wandb-client-artifact://op50d17s1mwur5lkz1ttsurvscdzyazcgv5tntkibq5d4swjvrlp6u1xhg11inlxzu7t1vd118ckt29djqxsygfgtklmlx74hpq06h3polldie1y4fc82vr4fkkunqn3:latest/my_conf_mat_id_table.table.json", "path": "media/table/my_conf_mat_id_table_10_367224d22bb0918aff6b.table.json", "ncols": 3, "nrows": 100}, "_wandb": {"runtime": 104}}