{"train_accuracy": 0.8803148148148148, "train_error": 0.48303166087365196, "val_accuracy": 0.8743333333333333, "val_error": 0.517317475578181, "_timestamp": 1679149324.135295, "_runtime": 59.37077593803406, "_step": 9, "_wandb": {"runtime": 58}}