{"train_accuracy": 0.8616666666666667, "train_error": 0.5500998753108141, "val_accuracy": 0.855, "val_error": 0.5891242977129698, "_timestamp": 1678527461.0554113, "_runtime": 66.76252341270447, "_step": 9, "_wandb": {"runtime": 65}}