{"train_accuracy": 0.8929814814814815, "train_error": 0.4278459229303105, "val_accuracy": 0.887, "val_error": 0.4704357389444329, "_timestamp": 1679160013.1413856, "_runtime": 108.13673663139343, "_step": 9, "_wandb": {"runtime": 106}}