{"train_accuracy": 0.6561296296296296, "train_error": 1.2591509654374935, "val_accuracy": 0.667, "val_error": 1.2601594481932377, "_timestamp": 1678158005.0478132, "_runtime": 100.70847225189209, "_step": 9, "_wandb": {"runtime": 99}}