{"train_accuracy": 0.8842037037037037, "train_error": 0.44587095761673107, "val_accuracy": 0.8645, "val_error": 0.549804517790153, "_timestamp": 1678533927.086599, "_runtime": 124.45617318153381, "_step": 7, "_wandb": {"runtime": 123}}