{"train_accuracy": 0.8756111111111111, "train_error": 0.49186946091576866, "val_accuracy": 0.8408333333333333, "val_error": 0.6737720564110566, "_timestamp": 1678530354.828968, "_runtime": 120.21119213104248, "_step": 9, "_wandb": {"runtime": 119}}