{"train_accuracy": 0.8999444444444444, "train_error": 0.3817405152664622, "val_accuracy": 0.8841666666666667, "val_error": 0.45884394081257535, "_timestamp": 1679147211.1139855, "_runtime": 171.50524854660034, "_step": 9, "_wandb": {"runtime": 170}}