{"train_accuracy": 0.8747592592592592, "train_error": 0.49427984378186224, "val_accuracy": 0.8701666666666666, "val_error": 0.5297285371901697, "_timestamp": 1678172478.7339537, "_runtime": 269.5696737766266, "_step": 9, "_wandb": {"runtime": 268}}