{"train_accuracy": 0.8709074074074074, "train_error": 0.5105785063187254, "val_accuracy": 0.8593333333333333, "val_error": 0.5827967816435908, "_timestamp": 1678157526.503201, "_runtime": 287.87582206726074, "_step": 9, "_wandb": {"runtime": 287}}