{"train_accuracy": 0.7736481481481482, "train_error": 0.8895903157394577, "val_accuracy": 0.7701666666666667, "val_error": 0.8977286205706855, "_timestamp": 1678538178.4564974, "_runtime": 62.28431153297424, "_step": 4, "_wandb": {"runtime": 61}}