{"train_accuracy": 0.8831481481481481, "train_error": 0.4723784938181033, "val_accuracy": 0.8801666666666667, "val_error": 0.5084876666627206, "_timestamp": 1679143924.6123838, "_runtime": 64.80927276611328, "_step": 9, "_wandb": {"runtime": 63}}