{"train_accuracy": 0.8718148148148148, "train_error": 0.5090742321554614, "val_accuracy": 0.8626666666666667, "val_error": 0.5612567464566067, "_timestamp": 1679081623.0437946, "_runtime": 66.34023070335388, "_step": 4, "_wandb": {"runtime": 65}}