{"train_accuracy": 0.9015740740740741, "train_error": 0.3651045935519628, "val_accuracy": 0.88, "val_error": 0.47578062411528294, "_timestamp": 1678537912.9024565, "_runtime": 236.29253363609314, "_step": 9, "_wandb": {"runtime": 235}}