{"train_accuracy": 0.8198888888888889, "train_error": 0.7384948535455644, "val_accuracy": 0.8206666666666667, "val_error": 0.7426874087468621, "_timestamp": 1678551091.9414575, "_runtime": 81.87407445907593, "_step": 7, "_wandb": {"runtime": 81}}