{"train_accuracy": 0.09938888888888889, "train_error": 3.321375771626694, "val_accuracy": 0.1055, "val_error": 3.3208412531474507, "_timestamp": 1678132069.3148155, "_runtime": 189.57913541793823, "_step": 9, "_wandb": {"runtime": 188}}