{"train_accuracy": 0.8037407407407408, "train_error": 0.2776798678933634, "val_accuracy": 0.7968333333333333, "val_error": 0.2857100828088793, "_timestamp": 1679132611.4293158, "_runtime": 59.5254487991333, "_step": 7, "_wandb": {"runtime": 58}}