{"train_accuracy": 0.8508148148148148, "train_error": 0.5983899705183063, "val_accuracy": 0.8501666666666666, "val_error": 0.6108149418536352, "_timestamp": 1678127194.8646994, "_runtime": 167.430406332016, "_step": 9, "_wandb": {"runtime": 169}}