{"train_accuracy": 0.758462962962963, "train_error": 0.9241591404632883, "val_accuracy": 0.7536666666666667, "val_error": 0.9317232257621839, "_timestamp": 1679213226.2554414, "_runtime": 61.53389644622803, "_step": 5, "my_conf_mat_id_table": {"_type": "table-file", "sha256": "9f7748f5ad7e24e37851fd333144e6ce1b8af069c66d197d284967081b99c182", "size": 2942, "artifact_path": "wandb-client-artifact://jna2lvvjr0ex77t616psfgf4hjo4qa53vriq7gpfatr9pikyhlv2nutgoifhvvzhibx86f9jcy98orjswxv5seevtuehx6lf120o7r506opqfbb43k76lcxfem2mo76x:latest/my_conf_mat_id_table.table.json", "_latest_artifact_path": "wandb-client-artifact://jna2lvvjr0ex77t616psfgf4hjo4qa53vriq7gpfatr9pikyhlv2nutgoifhvvzhibx86f9jcy98orjswxv5seevtuehx6lf120o7r506opqfbb43k76lcxfem2mo76x:latest/my_conf_mat_id_table.table.json", "path": "media/table/my_conf_mat_id_table_5_9f7748f5ad7e24e37851.table.json", "ncols": 3, "nrows": 100}, "_wandb": {"runtime": 60}}