{"train_accuracy": 0.8799259259259259, "train_error": 0.46725216452482904, "val_accuracy": 0.8663333333333333, "val_error": 0.5341356863477441, "_timestamp": 1678145504.1967368, "_runtime": 130.09757375717163, "_step": 9, "_wandb": {"runtime": 129}}