{"train_accuracy": 0.8932037037037037, "train_error": 0.411694502724101, "val_accuracy": 0.8731666666666666, "val_error": 0.510420779079202, "_timestamp": 1679146574.736155, "_runtime": 137.53835201263428, "_step": 7, "_wandb": {"runtime": 135}}