{"train_accuracy": 0.8676296296296296, "train_error": 0.5348727199247415, "val_accuracy": 0.8598333333333333, "val_error": 0.55341684146673, "_timestamp": 1678535566.6133928, "_runtime": 116.61183571815491, "_step": 9, "_wandb": {"runtime": 115}}