{"train_accuracy": 0.8782037037037037, "train_error": 0.4740518685634959, "val_accuracy": 0.87, "val_error": 0.5434059092693525, "_timestamp": 1678135346.6596, "_runtime": 152.44266390800476, "_step": 9, "_wandb": {"runtime": 151}}