{"train_accuracy": 0.8824444444444445, "train_error": 0.45752081650131077, "val_accuracy": 0.8773333333333333, "val_error": 0.5025373053578597, "_timestamp": 1679090543.3850305, "_runtime": 74.38960647583008, "_step": 4, "_wandb": {"runtime": 73}}