{"train_accuracy": 0.8977222222222222, "train_error": 0.39488510582224096, "val_accuracy": 0.8866666666666667, "val_error": 0.46489848984438104, "_timestamp": 1678534246.1220498, "_runtime": 155.952556848526, "_step": 9, "_wandb": {"runtime": 154}}