{"train_accuracy": 0.8769814814814815, "train_error": 0.47735890471175607, "val_accuracy": 0.861, "val_error": 0.5490404226404181, "_timestamp": 1679081325.704413, "_runtime": 106.46840500831604, "_step": 7, "_wandb": {"runtime": 105}}