{"train_accuracy": 0.8516851851851852, "train_error": 0.6075121410680983, "val_accuracy": 0.8463333333333334, "val_error": 0.6282933827282098, "_timestamp": 1678153615.5481994, "_runtime": 121.51762843132019, "_step": 9, "_wandb": {"runtime": 120}}