{"train_accuracy": 0.413, "train_error": 2.0886481525239873, "val_accuracy": 0.42033333333333334, "val_error": 2.0863712373055767, "_timestamp": 1678131690.3729224, "_runtime": 205.36292552947998, "_step": 9, "_wandb": {"runtime": 204}}