{"train_accuracy": 0.8724074074074074, "train_error": 0.5129606921573371, "val_accuracy": 0.8655, "val_error": 0.5463671908950944, "_timestamp": 1678128564.828045, "_runtime": 284.40712881088257, "_step": 9, "_wandb": {"runtime": 283}}