{"train_accuracy": 0.868462962962963, "train_error": 0.5196106418653282, "val_accuracy": 0.8578333333333333, "val_error": 0.5819159857272064, "_timestamp": 1679079265.3927686, "_runtime": 74.82737970352173, "_step": 4, "_wandb": {"runtime": 73}}