{"train_accuracy": 0.8729814814814815, "train_error": 0.1836782477359403, "val_accuracy": 0.866, "val_error": 0.19500363910814789, "_timestamp": 1679152102.1158745, "_runtime": 202.70772457122803, "_step": 9, "_wandb": {"runtime": 201}}