{"train_accuracy": 0.8784814814814815, "train_error": 0.480000404491317, "val_accuracy": 0.8683333333333333, "val_error": 0.547298747177056, "_timestamp": 1678173838.516878, "_runtime": 122.8690869808197, "_step": 9, "_wandb": {"runtime": 122}}