{"train_accuracy": 0.8741296296296296, "train_error": 0.483113095192189, "val_accuracy": 0.8686666666666667, "val_error": 0.5426064830071862, "_timestamp": 1678139481.1413424, "_runtime": 143.98276448249817, "_step": 9, "_wandb": {"runtime": 143}}