{"train_accuracy": 0.8708333333333333, "train_error": 0.5286322504569468, "val_accuracy": 0.8665, "val_error": 0.5573779411789287, "_timestamp": 1678531673.0072813, "_runtime": 147.79365921020508, "_step": 9, "_wandb": {"runtime": 146}}