{"train_accuracy": 0.8817777777777778, "train_error": 0.4748317413198624, "val_accuracy": 0.8738333333333334, "val_error": 0.5061019343458042, "_timestamp": 1678162062.4213545, "_runtime": 183.9904305934906, "_step": 9, "_wandb": {"runtime": 183}}