{"train_accuracy": 0.8921851851851852, "train_error": 0.427054429338771, "val_accuracy": 0.8816666666666667, "val_error": 0.49751429810669257, "_timestamp": 1679098051.877111, "_runtime": 89.84962797164917, "_step": 9, "_wandb": {"runtime": 89}}