{"train_accuracy": 0.8801296296296296, "train_error": 0.4560902722276949, "val_accuracy": 0.8695, "val_error": 0.5231093306562697, "_timestamp": 1678156705.0442219, "_runtime": 149.59669995307922, "_step": 9, "_wandb": {"runtime": 148}}