{"train_accuracy": 0.6752407407407407, "train_error": 1.2280212404169646, "val_accuracy": 0.6753333333333333, "val_error": 1.2245050589457422, "_timestamp": 1678125477.5747683, "_runtime": 54.207223415374756, "_step": 4, "_wandb": {"runtime": 53}}