{"train_accuracy": 0.8894074074074074, "train_error": 0.42143866967835286, "val_accuracy": 0.8756666666666667, "val_error": 0.5148363793398593, "_timestamp": 1678166715.4261596, "_runtime": 242.72518754005432, "_step": 9, "_wandb": {"runtime": 241}}