{"train_accuracy": 0.8905925925925926, "train_error": 0.4156393482455873, "val_accuracy": 0.8778333333333334, "val_error": 0.49812656607893807, "_timestamp": 1679095726.5039105, "_runtime": 145.5714726448059, "_step": 7, "_wandb": {"runtime": 144}}