{"train_accuracy": 0.8460740740740741, "train_error": 0.6183318387946568, "val_accuracy": 0.8448333333333333, "val_error": 0.6300460300886277, "_timestamp": 1679138050.8984385, "_runtime": 69.3958535194397, "_step": 7, "_wandb": {"runtime": 68}}