{"train_accuracy": 0.8756481481481482, "train_error": 0.49755696155459195, "val_accuracy": 0.8708333333333333, "val_error": 0.5337310945147087, "_timestamp": 1678172806.3922806, "_runtime": 311.52774357795715, "_step": 9, "_wandb": {"runtime": 310}}