{"train_accuracy": 0.8998518518518519, "train_error": 0.39032239124750856, "val_accuracy": 0.8793333333333333, "val_error": 0.5023340036344185, "_timestamp": 1678535705.078177, "_runtime": 121.37345790863037, "_step": 9, "_wandb": {"runtime": 120}}