{"train_accuracy": 0.8788888888888889, "train_error": 0.46532626219085016, "val_accuracy": 0.8721666666666666, "val_error": 0.5101304679834494, "_timestamp": 1679145994.2061162, "_runtime": 114.27845525741577, "_step": 4, "_wandb": {"runtime": 113}}