{"train_accuracy": 0.8742592592592593, "train_error": 0.5016231755644865, "val_accuracy": 0.8658333333333333, "val_error": 0.5427929531597014, "_timestamp": 1678159096.6964214, "_runtime": 191.4447374343872, "_step": 9, "_wandb": {"runtime": 190}}