{"train_accuracy": 0.8913333333333333, "train_error": 0.44087703938985523, "val_accuracy": 0.883, "val_error": 0.4815818363950026, "_timestamp": 1679148154.2046504, "_runtime": 73.03365850448608, "_step": 9, "_wandb": {"runtime": 72}}