{"train_accuracy": 0.8797592592592592, "train_error": 0.4664366309349253, "val_accuracy": 0.874, "val_error": 0.5269904089809446, "_timestamp": 1678177410.8887806, "_runtime": 151.27499651908875, "_step": 9, "_wandb": {"runtime": 150}}