{"train_accuracy": 0.8846111111111111, "train_error": 0.4503393596037046, "val_accuracy": 0.875, "val_error": 0.5046080315875002, "_timestamp": 1678144299.2592964, "_runtime": 136.81842851638794, "_step": 9, "_wandb": {"runtime": 136}}