{"train_accuracy": 0.10037037037037037, "train_error": 3.3225244901375346, "val_accuracy": 0.09666666666666666, "val_error": 3.322961457567173, "_timestamp": 1678132251.107165, "_runtime": 163.74525618553162, "_step": 9, "_wandb": {"runtime": 162}}