{"train_accuracy": 0.8989074074074074, "train_error": 0.39205145353340676, "val_accuracy": 0.8881666666666667, "val_error": 0.47185496957795886, "_timestamp": 1678522562.8663447, "_runtime": 87.52452969551086, "_step": 9, "_wandb": {"runtime": 86}}