{"train_accuracy": 0.8852592592592593, "train_error": 0.4478436253160484, "val_accuracy": 0.876, "val_error": 0.49727296903183993, "_timestamp": 1678538731.6477222, "_runtime": 89.23977613449097, "_step": 9, "_wandb": {"runtime": 88}}