{"train_accuracy": 0.8697407407407407, "train_error": 0.5203864260660308, "val_accuracy": 0.868, "val_error": 0.550076774824585, "_timestamp": 1679091679.964107, "_runtime": 191.4967601299286, "_step": 9, "_wandb": {"runtime": 190}}