{"train_accuracy": 0.7457037037037038, "train_error": 1.0093007841878074, "val_accuracy": 0.7435, "val_error": 1.019803550379016, "_timestamp": 1678529795.2130258, "_runtime": 48.576255798339844, "_step": 7, "_wandb": {"runtime": 47}}