{"train_accuracy": 0.9361851851851852, "train_error": 0.09862267348409437, "val_accuracy": 0.9358333333333333, "val_error": 0.09810324558912366, "_timestamp": 1679164687.3847744, "_runtime": 25.75990343093872, "_step": 1, "_wandb": {"runtime": 34}}