{"train_accuracy": 0.825925925925926, "train_error": 0.7200845295805528, "val_accuracy": 0.8203333333333334, "val_error": 0.7347595329977354, "_timestamp": 1679142666.3056118, "_runtime": 64.34939479827881, "_step": 9, "_wandb": {"runtime": 63}}