{"train_accuracy": 0.8658333333333333, "train_error": 0.19399210013341256, "val_accuracy": 0.8583333333333333, "val_error": 0.2026348728850276, "_timestamp": 1679071819.7795892, "_runtime": 67.92783308029175, "_step": 4, "_wandb": {"runtime": 67}}