{"train_accuracy": 0.857462962962963, "train_error": 0.20542946127740172, "val_accuracy": 0.8515, "val_error": 0.2141640053818655, "_timestamp": 1679132536.8125513, "_runtime": 76.6872341632843, "_step": 9, "_wandb": {"runtime": 75}}