{"train_accuracy": 0.10038888888888889, "train_error": 3.3221641754242763, "val_accuracy": 0.09666666666666666, "val_error": 3.321986178197918, "_timestamp": 1678126196.4943821, "_runtime": 95.14855122566223, "_step": 9, "_wandb": {"runtime": 93}}