{"train_accuracy": 0.910537037037037, "train_error": 0.3520896126363736, "val_accuracy": 0.8911666666666667, "val_error": 0.44191246833930925, "_timestamp": 1678523317.9814723, "_runtime": 126.63371324539185, "_step": 9, "_wandb": {"runtime": 125}}