{"train_accuracy": 0.8437592592592592, "train_error": 0.6353854102907737, "val_accuracy": 0.84, "val_error": 0.6447379893777764, "_timestamp": 1679215588.1301796, "_runtime": 64.3063657283783, "_step": 5, "my_conf_mat_id_table": {"_type": "table-file", "sha256": "3738f274759df16ff52827b897df6a12f6ebb473835bd8829a641c9abc85d644", "size": 2934, "artifact_path": "wandb-client-artifact://zxkfvzwrolj6px41gixmrdukcwomfumd42fjp4d72drarb77xqv7bve2avuk6t3a3dg9pgsw9vfymee5dnqxgxiajepk1te3pw6fv8y96t70gx9tyc46olgg4iyy6p1p:latest/my_conf_mat_id_table.table.json", "_latest_artifact_path": "wandb-client-artifact://zxkfvzwrolj6px41gixmrdukcwomfumd42fjp4d72drarb77xqv7bve2avuk6t3a3dg9pgsw9vfymee5dnqxgxiajepk1te3pw6fv8y96t70gx9tyc46olgg4iyy6p1p:latest/my_conf_mat_id_table.table.json", "path": "media/table/my_conf_mat_id_table_5_3738f274759df16ff528.table.json", "ncols": 3, "nrows": 100}, "_wandb": {"runtime": 62}}