{"train_accuracy": 0.8448888888888889, "train_error": 0.6157288944751417, "val_accuracy": 0.8381666666666666, "val_error": 0.6683442088250633, "_timestamp": 1679085981.308282, "_runtime": 97.50948286056519, "_step": 4, "_wandb": {"runtime": 96}}