{"train_accuracy": 0.850925925925926, "train_error": 0.2152479080909733, "val_accuracy": 0.842, "val_error": 0.223376960012623, "_timestamp": 1679135726.6789832, "_runtime": 83.04149913787842, "_step": 9, "_wandb": {"runtime": 80}}