{"train_accuracy": 0.8507592592592592, "train_error": 0.6055762573453101, "val_accuracy": 0.8433333333333334, "val_error": 0.6388205239714608, "_timestamp": 1678154685.2910953, "_runtime": 140.4897232055664, "_step": 9, "_wandb": {"runtime": 139}}