{"train_accuracy": 0.8612592592592593, "train_error": 0.5539021371860251, "val_accuracy": 0.8393333333333334, "val_error": 0.6316471017406635, "_timestamp": 1679095077.8808348, "_runtime": 157.5083737373352, "_step": 7, "_wandb": {"runtime": 156}}