{"train_accuracy": 0.7864629629629629, "train_error": 0.8534287909265005, "val_accuracy": 0.7848333333333334, "val_error": 0.861026944199358, "_timestamp": 1678526708.0241177, "_runtime": 84.53071069717407, "_step": 7, "_wandb": {"runtime": 83}}