{"train_accuracy": 0.8182037037037037, "train_error": 0.7352006859945643, "val_accuracy": 0.8218333333333333, "val_error": 0.7320443764569765, "_timestamp": 1679211709.7617474, "_runtime": 111.93170046806335, "_step": 10, "my_conf_mat_id_table": {"_type": "table-file", "sha256": "6ec92775c745cd983b3d0fbd18037a8b6ad9e979121bfbc28f0becc4228d75a5", "size": 2939, "artifact_path": "wandb-client-artifact://8nrm8wxug8p0nuawqby21axxn1dl3td6x0pko9u6k6jsaal0nyy2071wva6kbf0eux76gfw4xmaecwe7kgj4ruf29tg9d38hhucozyf5seuxaafkxbmjyg1xw41k4yya:latest/my_conf_mat_id_table.table.json", "_latest_artifact_path": "wandb-client-artifact://8nrm8wxug8p0nuawqby21axxn1dl3td6x0pko9u6k6jsaal0nyy2071wva6kbf0eux76gfw4xmaecwe7kgj4ruf29tg9d38hhucozyf5seuxaafkxbmjyg1xw41k4yya:latest/my_conf_mat_id_table.table.json", "path": "media/table/my_conf_mat_id_table_10_6ec92775c745cd983b3d.table.json", "ncols": 3, "nrows": 100}, "_wandb": {"runtime": 111}}