{"train_accuracy": 0.8772037037037037, "train_error": 0.4913463774839688, "val_accuracy": 0.8688333333333333, "val_error": 0.5282621290757029, "_timestamp": 1678164208.8782568, "_runtime": 307.9998278617859, "_step": 9, "_wandb": {"runtime": 307}}