{"train_accuracy": 0.8843703703703704, "train_error": 0.44988559205234524, "val_accuracy": 0.8781666666666667, "val_error": 0.49810108352735294, "_timestamp": 1678149233.950353, "_runtime": 307.2935619354248, "_step": 9, "_wandb": {"runtime": 306}}