{"train_accuracy": 0.8809444444444444, "train_error": 0.4671213266395042, "val_accuracy": 0.8753333333333333, "val_error": 0.5041115476382618, "_timestamp": 1678157223.2034647, "_runtime": 245.78780484199524, "_step": 9, "_wandb": {"runtime": 245}}