{"train_accuracy": 0.8913703703703704, "train_error": 0.420831919399927, "val_accuracy": 0.8756666666666667, "val_error": 0.5033274997439224, "_timestamp": 1679145750.0413325, "_runtime": 155.37993359565735, "_step": 9, "_wandb": {"runtime": 154}}