{"train_accuracy": 0.8637962962962963, "train_error": 0.5222418165583727, "val_accuracy": 0.8571666666666666, "val_error": 0.5820867001783718, "_timestamp": 1678154826.656335, "_runtime": 126.17262005805969, "_step": 9, "_wandb": {"runtime": 125}}