{"train_accuracy": 0.8397037037037037, "train_error": 0.6408403966514649, "val_accuracy": 0.8396666666666667, "val_error": 0.6501836758758374, "_timestamp": 1678523991.5105774, "_runtime": 85.70101141929626, "_step": 9, "_wandb": {"runtime": 84}}