{"train_accuracy": 0.8776666666666667, "train_error": 0.17737538835000582, "val_accuracy": 0.8676666666666667, "val_error": 0.19651995402152117, "_timestamp": 1679135923.3421173, "_runtime": 181.0251533985138, "_step": 9, "_wandb": {"runtime": 179}}