{"train_accuracy": 0.8431111111111111, "train_error": 0.6412774748857785, "val_accuracy": 0.8461666666666666, "val_error": 0.650855128824389, "_timestamp": 1678528697.6364903, "_runtime": 105.18292832374573, "_step": 9, "_wandb": {"runtime": 104}}