{"train_accuracy": 0.8909259259259259, "train_error": 0.4279072261535862, "val_accuracy": 0.8741666666666666, "val_error": 0.489886942577399, "_timestamp": 1679148878.073884, "_runtime": 95.0833489894867, "_step": 9, "_wandb": {"runtime": 94}}