{"train_accuracy": 0.8862407407407408, "train_error": 0.16667283964950919, "val_accuracy": 0.8761666666666666, "val_error": 0.18336214078563667, "_timestamp": 1679076547.6732264, "_runtime": 70.34648036956787, "_step": 9, "_wandb": {"runtime": 69}}