{"train_accuracy": 0.8677222222222222, "train_error": 0.19001335397520766, "val_accuracy": 0.8596666666666667, "val_error": 0.2032889513079985, "_timestamp": 1679130621.4062653, "_runtime": 42.10737228393555, "_step": 4, "_wandb": {"runtime": 46}}