{"train_accuracy": 0.8743518518518518, "train_error": 0.49880391306686483, "val_accuracy": 0.8681666666666666, "val_error": 0.5320731266446828, "_timestamp": 1678134785.193989, "_runtime": 216.83323097229004, "_step": 9, "_wandb": {"runtime": 216}}