{"train_accuracy": 0.8847592592592592, "train_error": 0.43511734585853984, "val_accuracy": 0.8681666666666666, "val_error": 0.5562297984512616, "_timestamp": 1679141229.4266624, "_runtime": 108.79322838783264, "_step": 9, "_wandb": {"runtime": 107}}