{"train_accuracy": 0.8731481481481481, "train_error": 0.5154894923629497, "val_accuracy": 0.8651666666666666, "val_error": 0.5514604060118097, "_timestamp": 1678131863.741668, "_runtime": 154.7148540019989, "_step": 9, "_wandb": {"runtime": 153}}