{"train_accuracy": 0.8671111111111112, "train_error": 0.5194828366040071, "val_accuracy": 0.8631666666666666, "val_error": 0.5556099167335271, "_timestamp": 1679149153.6442368, "_runtime": 41.108813762664795, "_step": 4, "_wandb": {"runtime": 40}}