{"train_accuracy": 0.8679074074074075, "train_error": 0.5035796786357215, "val_accuracy": 0.8588333333333333, "val_error": 0.5652099183808097, "_timestamp": 1678138726.4090462, "_runtime": 196.62929511070251, "_step": 9, "_wandb": {"runtime": 195}}