{"train_accuracy": 0.8639444444444444, "train_error": 0.5517043296949079, "val_accuracy": 0.8548333333333333, "val_error": 0.5847464720509924, "_timestamp": 1678147528.7862663, "_runtime": 161.7752492427826, "_step": 9, "_wandb": {"runtime": 161}}