{"train_accuracy": 0.8929814814814815, "train_error": 0.4278459229303105, "val_accuracy": 0.887, "val_error": 0.4704357389444329, "_timestamp": 1679217044.3426251, "_runtime": 134.92580723762512, "_step": 10, "my_conf_mat_id_table": {"_type": "table-file", "sha256": "694a388f4cd83ac5c874947ffb78a5b5a70ad0ebb15b0631251fff8bdbb6d64d", "size": 2932, "artifact_path": "wandb-client-artifact://d87ktbikmoosabqnww0fawivytb9d5aoaxu70d2escnc8agroy5d9m7c485q50yhn16u6swdhptooxvp2zacmqoy7oqk941qu6439si4xzd82tex54khb86z9xtdii6u:latest/my_conf_mat_id_table.table.json", "_latest_artifact_path": "wandb-client-artifact://d87ktbikmoosabqnww0fawivytb9d5aoaxu70d2escnc8agroy5d9m7c485q50yhn16u6swdhptooxvp2zacmqoy7oqk941qu6439si4xzd82tex54khb86z9xtdii6u:latest/my_conf_mat_id_table.table.json", "path": "media/table/my_conf_mat_id_table_10_694a388f4cd83ac5c874.table.json", "ncols": 3, "nrows": 100}, "_wandb": {"runtime": 238}}