{"train_accuracy": 0.8643703703703703, "train_error": 0.5679449601970703, "val_accuracy": 0.8576666666666667, "val_error": 0.6133252277092246, "_timestamp": 1678139013.2163203, "_runtime": 103.18934535980225, "_step": 9, "_wandb": {"runtime": 102}}