{"train_accuracy": 0.7985740740740741, "train_error": 0.8205952857243842, "val_accuracy": 0.7931666666666667, "val_error": 0.8310544266433617, "_timestamp": 1679214808.3326313, "_runtime": 92.83113431930542, "_step": 10, "my_conf_mat_id_table": {"_type": "table-file", "sha256": "c0f0ba091a7036868cee665d615c8673c113aaa219f88a592958b57412c06090", "size": 2941, "artifact_path": "wandb-client-artifact://1d0ne65zt4g585jurs0400f1a5zif4hzq9b3mupqoxitojxrfukxacj0q4m02vzsgd4be97efsk321za9e9gb68xj6i3bfh44t0ddwdhv3w11y46v6b7pgeczsmm1qiz:latest/my_conf_mat_id_table.table.json", "_latest_artifact_path": "wandb-client-artifact://1d0ne65zt4g585jurs0400f1a5zif4hzq9b3mupqoxitojxrfukxacj0q4m02vzsgd4be97efsk321za9e9gb68xj6i3bfh44t0ddwdhv3w11y46v6b7pgeczsmm1qiz:latest/my_conf_mat_id_table.table.json", "path": "media/table/my_conf_mat_id_table_10_c0f0ba091a7036868cee.table.json", "ncols": 3, "nrows": 100}, "_wandb": {"runtime": 91}}