{"train_accuracy": 0.8646296296296296, "train_error": 0.5220926202875091, "val_accuracy": 0.8558333333333333, "val_error": 0.5910466097670394, "_timestamp": 1679100481.0894582, "_runtime": 83.65176725387573, "_step": 7, "_wandb": {"runtime": 82}}