{"train_accuracy": 0.9057037037037037, "train_error": 0.36475816639816355, "val_accuracy": 0.8856666666666667, "val_error": 0.4616384062705327, "_timestamp": 1679150340.342421, "_runtime": 124.8657579421997, "_step": 9, "_wandb": {"runtime": 124}}