{"train_accuracy": 0.7460925925925926, "train_error": 0.9415172558818784, "val_accuracy": 0.7416666666666667, "val_error": 0.9519823535545335, "_timestamp": 1679088948.2031286, "_runtime": 56.98347449302673, "_step": 4, "_wandb": {"runtime": 56}}