{"train_accuracy": 0.8784444444444445, "train_error": 0.4789207575193422, "val_accuracy": 0.871, "val_error": 0.5375430453463285, "_timestamp": 1679102590.585085, "_runtime": 97.62449789047241, "_step": 9, "_wandb": {"runtime": 96}}