{"train_accuracy": 0.8365, "train_error": 0.6653583145351686, "val_accuracy": 0.839, "val_error": 0.6747601995811544, "_timestamp": 1679103033.729263, "_runtime": 55.56218910217285, "_step": 7, "_wandb": {"runtime": 54}}