{"train_accuracy": 0.8953888888888889, "train_error": 0.40667387093039153, "val_accuracy": 0.8653333333333333, "val_error": 0.559661863611431, "_timestamp": 1679106267.4785979, "_runtime": 121.37940883636475, "_step": 9, "_wandb": {"runtime": 120}}