{"train_accuracy": 0.8731851851851852, "train_error": 0.5077204860290911, "val_accuracy": 0.8436666666666667, "val_error": 0.6902214749081619, "_timestamp": 1679082101.6510534, "_runtime": 162.356924533844, "_step": 7, "_wandb": {"runtime": 161}}