{"train_accuracy": 0.8806851851851852, "train_error": 0.46825730471470256, "val_accuracy": 0.8658333333333333, "val_error": 0.5434566614575697, "_timestamp": 1678126528.8292403, "_runtime": 132.3290572166443, "_step": 9, "_wandb": {"runtime": 131}}