{"train_accuracy": 0.8847037037037037, "train_error": 0.4612116676460295, "val_accuracy": 0.8815, "val_error": 0.4995001210293108, "_timestamp": 1679096179.6765668, "_runtime": 108.49449372291565, "_step": 7, "_wandb": {"runtime": 107}}