{"train_accuracy": 0.8828703703703704, "train_error": 0.45745068947398615, "val_accuracy": 0.877, "val_error": 0.4974880789576212, "_timestamp": 1679113634.2516713, "_runtime": 202.78732442855835, "_step": 9, "_wandb": {"runtime": 202}}