{"train_accuracy": 0.8115, "train_error": 0.2803961778727311, "val_accuracy": 0.8088333333333333, "val_error": 0.2858045326524661, "_timestamp": 1679071008.862229, "_runtime": 74.30588412284851, "_step": 9, "_wandb": {"runtime": 72}}