{"train_accuracy": 0.864037037037037, "train_error": 0.20024561945211744, "val_accuracy": 0.8568333333333333, "val_error": 0.20676338138859784, "_timestamp": 1679074370.082631, "_runtime": 105.93754816055298, "_step": 7, "_wandb": {"runtime": 104}}