{"train_accuracy": 0.8428518518518519, "train_error": 0.6427168003115651, "val_accuracy": 0.843, "val_error": 0.6495782436600465, "_timestamp": 1679084705.1821706, "_runtime": 97.0870475769043, "_step": 7, "_wandb": {"runtime": 96}}