{"train_accuracy": 0.8786851851851852, "train_error": 0.5004037840272081, "val_accuracy": 0.8691666666666666, "val_error": 0.5630901436986315, "_timestamp": 1678163882.6760733, "_runtime": 295.4117434024811, "_step": 9, "_wandb": {"runtime": 294}}