{"train_accuracy": 0.8671296296296296, "train_error": 0.5269673200227031, "val_accuracy": 0.8495, "val_error": 0.6058710304389134, "_timestamp": 1679090003.7126117, "_runtime": 200.99186873435974, "_step": 9, "_wandb": {"runtime": 200}}