{"train_accuracy": 0.882537037037037, "train_error": 0.461987101172137, "val_accuracy": 0.8786666666666667, "val_error": 0.5105549466257931, "_timestamp": 1679090294.2812014, "_runtime": 182.46235132217407, "_step": 9, "_wandb": {"runtime": 181}}