{"train_accuracy": 0.8671296296296296, "train_error": 0.49423924735980446, "val_accuracy": 0.858, "val_error": 0.562412248998943, "_timestamp": 1679077982.7276576, "_runtime": 73.9043755531311, "_step": 4, "_wandb": {"runtime": 77}}