{"train_accuracy": 0.8629259259259259, "train_error": 0.5535726363237329, "val_accuracy": 0.8561666666666666, "val_error": 0.5819846389637808, "_timestamp": 1679085693.5525224, "_runtime": 57.32178544998169, "_step": 4, "_wandb": {"runtime": 56}}