{"train_accuracy": 0.880425925925926, "train_error": 0.4475614066912466, "val_accuracy": 0.8718333333333333, "val_error": 0.5210950884148566, "_timestamp": 1678169385.7608247, "_runtime": 125.26951265335083, "_step": 9, "_wandb": {"runtime": 124}}