{"train_accuracy": 0.8879444444444444, "train_error": 0.4484677553697642, "val_accuracy": 0.8806666666666667, "val_error": 0.4943853129921791, "_timestamp": 1679141350.9754703, "_runtime": 101.6032042503357, "_step": 9, "_wandb": {"runtime": 100}}