{"train_accuracy": 0.7848518518518518, "train_error": 0.8592506807641856, "val_accuracy": 0.7823333333333333, "val_error": 0.8656014814634951, "_timestamp": 1678551346.9277294, "_runtime": 89.83690333366394, "_step": 7, "_wandb": {"runtime": 89}}