{"train_accuracy": 0.4983888888888889, "train_error": 1.7397850759241646, "val_accuracy": 0.502, "val_error": 1.7352895139070323, "_timestamp": 1678128961.065452, "_runtime": 210.4101870059967, "_step": 9, "_wandb": {"runtime": 209}}