{"train_accuracy": 0.8541481481481481, "train_error": 0.593442000946474, "val_accuracy": 0.8531666666666666, "val_error": 0.6242903143628978, "_timestamp": 1678522173.361542, "_runtime": 67.98668694496155, "_step": 9, "_wandb": {"runtime": 67}}