{"train_accuracy": 0.8605555555555555, "train_error": 0.2020045395826533, "val_accuracy": 0.8571666666666666, "val_error": 0.20882308783804895, "_timestamp": 1679069249.6883535, "_runtime": 63.957703590393066, "_step": 9, "_wandb": {"runtime": 63}}