{"train_accuracy": 0.8664259259259259, "train_error": 0.5439359518922552, "val_accuracy": 0.8643333333333333, "val_error": 0.5684097467199085, "_timestamp": 1679091045.1704895, "_runtime": 74.8722276687622, "_step": 4, "_wandb": {"runtime": 74}}