{"train_accuracy": 0.8556666666666667, "train_error": 0.5757984894669955, "val_accuracy": 0.8515, "val_error": 0.5926635585821164, "_timestamp": 1679216344.8605075, "_runtime": 77.49740839004517, "_step": 4}