{"train_accuracy": 0.8488518518518519, "train_error": 0.6646250192947819, "val_accuracy": 0.8328333333333333, "val_error": 1.2067392100048864, "_timestamp": 1679079488.6170914, "_runtime": 113.77199244499207, "_step": 4, "_wandb": {"runtime": 112}}