{"train_accuracy": 0.8648888888888889, "train_error": 0.5395154362121405, "val_accuracy": 0.851, "val_error": 0.6093146698852004, "_timestamp": 1678540643.6922808, "_runtime": 193.6457817554474, "_step": 9, "_wandb": {"runtime": 192}}