{"train_accuracy": 0.6931481481481482, "train_error": 1.1482301340848153, "val_accuracy": 0.6946666666666667, "val_error": 1.1560128025624905, "_timestamp": 1679213318.5314484, "_runtime": 71.59632635116577, "_step": 5, "my_conf_mat_id_table": {"_type": "table-file", "sha256": "7577dffce7dbd0778e71ecfd7bddf59a3258c32f224715aae10bf0e39f17c5c2", "size": 2946, "artifact_path": "wandb-client-artifact://1lu89t2nnao4hnzqxdly4kttfzgesrnn6zxy427co0duwlw7sv13cspsnt48e2r8jmcassd6h8em7nljtsazu7rg5swj2tcsn36gfdkr73ternmkd8wvwxry2j8wabfi:latest/my_conf_mat_id_table.table.json", "_latest_artifact_path": "wandb-client-artifact://1lu89t2nnao4hnzqxdly4kttfzgesrnn6zxy427co0duwlw7sv13cspsnt48e2r8jmcassd6h8em7nljtsazu7rg5swj2tcsn36gfdkr73ternmkd8wvwxry2j8wabfi:latest/my_conf_mat_id_table.table.json", "path": "media/table/my_conf_mat_id_table_5_7577dffce7dbd0778e71.table.json", "ncols": 3, "nrows": 100}, "_wandb": {"runtime": 70}}