{"train_accuracy": 0.8582222222222222, "train_error": 0.25625094041786833, "val_accuracy": 0.8475, "val_error": 0.2770780824816096, "_timestamp": 1679075498.9426365, "_runtime": 125.10610842704773, "_step": 4, "_wandb": {"runtime": 124}}