{"train_accuracy": 0.8782037037037037, "train_error": 0.4754992201554957, "val_accuracy": 0.8681666666666666, "val_error": 0.5510292903401349, "_timestamp": 1678149599.8488054, "_runtime": 236.018705368042, "_step": 9, "_wandb": {"runtime": 235}}