{"train_accuracy": 0.8768333333333334, "train_error": 0.4614268481319511, "val_accuracy": 0.8631666666666666, "val_error": 0.539166311101218, "_timestamp": 1679113186.9813461, "_runtime": 86.28614902496338, "_step": 7, "_wandb": {"runtime": 85}}