{"train_accuracy": 0.8304259259259259, "train_error": 0.2418049207780295, "val_accuracy": 0.8316666666666667, "val_error": 0.24265893593919607, "_timestamp": 1679070148.4365375, "_runtime": 74.14410758018494, "_step": 9, "_wandb": {"runtime": 73}}