{"train_accuracy": 0.8326296296296296, "train_error": 0.24002902436604678, "val_accuracy": 0.832, "val_error": 0.24354014219572492, "_timestamp": 1679132334.729164, "_runtime": 58.755504846572876, "_step": 7, "_wandb": {"runtime": 57}}