{"train_accuracy": 0.8764259259259259, "train_error": 0.4686287187084939, "val_accuracy": 0.8645, "val_error": 0.5605311417736503, "_timestamp": 1678152675.7070267, "_runtime": 250.98188161849976, "_step": 9, "_wandb": {"runtime": 250}}