{"train_accuracy": 0.8615555555555555, "train_error": 0.5589840747939578, "val_accuracy": 0.8528333333333333, "val_error": 0.5980124618247826, "_timestamp": 1678146897.6006489, "_runtime": 126.65172982215881, "_step": 9, "_wandb": {"runtime": 125}}