{"train_accuracy": 0.8817777777777778, "train_error": 0.45061349045747545, "val_accuracy": 0.8721666666666666, "val_error": 0.49993987214538016, "_timestamp": 1679083018.5153675, "_runtime": 64.25671148300171, "_step": 4, "_wandb": {"runtime": 63}}