{"train_accuracy": 0.840574074074074, "train_error": 0.6470733632563699, "val_accuracy": 0.8423333333333334, "val_error": 0.644677895307337, "_timestamp": 1679140962.3241463, "_runtime": 37.92795419692993, "_step": 4, "_wandb": {"runtime": 36}}