{"train_accuracy": 0.8941481481481481, "train_error": 0.40580756799302886, "val_accuracy": 0.8695, "val_error": 0.5467172605701487, "_timestamp": 1679093549.1185484, "_runtime": 196.1477084159851, "_step": 9, "_wandb": {"runtime": 195}}