{"train_accuracy": 0.8529629629629629, "train_error": 0.5911214128693338, "val_accuracy": 0.8416666666666667, "val_error": 0.6519415961079299, "_timestamp": 1678536827.3516078, "_runtime": 150.00279188156128, "_step": 9, "_wandb": {"runtime": 149}}