{"train_accuracy": 0.8576851851851852, "train_error": 0.5352499226948485, "val_accuracy": 0.8446666666666667, "val_error": 0.6125713456764598, "_timestamp": 1679142390.408427, "_runtime": 123.18366193771362, "_step": 4, "_wandb": {"runtime": 122}}