{"train_accuracy": 0.8573888888888889, "train_error": 0.5497704183620987, "val_accuracy": 0.849, "val_error": 0.6060287655433313, "_timestamp": 1678173125.6301868, "_runtime": 123.05906176567078, "_step": 9, "_wandb": {"runtime": 121}}