{"train_accuracy": 0.8601851851851852, "train_error": 0.2441969282692908, "val_accuracy": 0.8396666666666667, "val_error": 0.3331070824097191, "_timestamp": 1679070045.3818104, "_runtime": 77.57579445838928, "_step": 9, "_wandb": {"runtime": 76}}