{"train_accuracy": 0.9002407407407408, "train_error": 0.38288118929002907, "val_accuracy": 0.8805, "val_error": 0.4693009909452434, "_timestamp": 1678540134.0041428, "_runtime": 91.73007869720459, "_step": 9, "_wandb": {"runtime": 90}}