{"train_accuracy": 0.8762407407407408, "train_error": 0.49334551219469586, "val_accuracy": 0.8663333333333333, "val_error": 0.5361129646251599, "_timestamp": 1679084587.3306756, "_runtime": 97.49088859558105, "_step": 7, "_wandb": {"runtime": 96}}