{"train_accuracy": 0.8806481481481482, "train_error": 0.4632834590707443, "val_accuracy": 0.861, "val_error": 0.5756362785298166, "_timestamp": 1679087040.3484192, "_runtime": 126.8978750705719, "_step": 9, "_wandb": {"runtime": 126}}