{"train_accuracy": 0.8497407407407407, "train_error": 0.24818541460758786, "val_accuracy": 0.8468333333333333, "val_error": 0.25461863170582677, "_timestamp": 1679132440.8747003, "_runtime": 89.49834537506104, "_step": 9, "_wandb": {"runtime": 88}}