{"train_accuracy": 0.8861296296296296, "train_error": 0.443038084508869, "val_accuracy": 0.8811666666666667, "val_error": 0.49873944543427895, "_timestamp": 1679211315.1547165, "_runtime": 115.88505458831787, "_step": 8, "my_conf_mat_id_table": {"_type": "table-file", "sha256": "6a8d99eff6b367eacbf7c64637bcec773bb7434e92c4ee9dd1071765e5bd092e", "size": 2932, "artifact_path": "wandb-client-artifact://mszauo9dwdm0y0s80lgv9i3mizaahvjdudltg8hp3de6d5w4ivop94kz49bbgt21dd0ekvrr502b41v6hrlqzlztmqkwgcmm7ja28h3uhqtj4oub2tpwgmu2ynth6lil:latest/my_conf_mat_id_table.table.json", "_latest_artifact_path": "wandb-client-artifact://mszauo9dwdm0y0s80lgv9i3mizaahvjdudltg8hp3de6d5w4ivop94kz49bbgt21dd0ekvrr502b41v6hrlqzlztmqkwgcmm7ja28h3uhqtj4oub2tpwgmu2ynth6lil:latest/my_conf_mat_id_table.table.json", "path": "media/table/my_conf_mat_id_table_8_6a8d99eff6b367eacbf7.table.json", "ncols": 3, "nrows": 100}, "_wandb": {"runtime": 115}}