{"train_accuracy": 0.17757407407407408, "train_error": 3.182758414349663, "val_accuracy": 0.17566666666666667, "val_error": 3.1810140914198444, "_timestamp": 1678164814.4965591, "_runtime": 229.3793592453003, "_step": 9, "_wandb": {"runtime": 228}}