{"train_accuracy": 0.8531296296296297, "train_error": 0.6065245282643208, "val_accuracy": 0.8478333333333333, "val_error": 0.62992860218792, "_timestamp": 1678153915.4917824, "_runtime": 106.31510853767395, "_step": 9, "_wandb": {"runtime": 105}}