{"train_accuracy": 0.8867777777777778, "train_error": 0.453537975028314, "val_accuracy": 0.8821666666666667, "val_error": 0.48705383173072414, "_timestamp": 1679148600.2426186, "_runtime": 89.76457357406616, "_step": 7, "_wandb": {"runtime": 88}}