{"train_accuracy": 0.8705, "train_error": 0.5245953479191614, "val_accuracy": 0.8578333333333333, "val_error": 0.5527012524499509, "_timestamp": 1679098804.377125, "_runtime": 52.033278942108154, "_step": 7, "_wandb": {"runtime": 51}}