{"train_accuracy": 0.8780555555555556, "train_error": 0.17951663333617165, "val_accuracy": 0.8615, "val_error": 0.19929174837647418, "_timestamp": 1679134743.028016, "_runtime": 82.12471508979797, "_step": 9, "_wandb": {"runtime": 81}}