{"train_accuracy": 0.8726481481481482, "train_error": 0.5114947113496255, "val_accuracy": 0.8633333333333333, "val_error": 0.546770918053514, "_timestamp": 1678156956.7805223, "_runtime": 235.89002442359924, "_step": 9, "_wandb": {"runtime": 234}}