{"train_accuracy": 0.8580740740740741, "train_error": 0.5720562276154384, "val_accuracy": 0.8545, "val_error": 0.5865587262985132, "_timestamp": 1679225398.6950114, "_runtime": 92.74540543556213, "_step": 7, "_wandb": {"runtime": 101}}