{"train_accuracy": 0.8573703703703703, "train_error": 0.6005758800551414, "val_accuracy": 0.8493333333333334, "val_error": 0.644513557416524, "_timestamp": 1678148572.9326336, "_runtime": 103.0263135433197, "_step": 9, "_wandb": {"runtime": 102}}