{"train_accuracy": 0.8983333333333333, "train_error": 0.39005863925186135, "val_accuracy": 0.8848333333333334, "val_error": 0.4573226676858668, "_timestamp": 1678536367.738666, "_runtime": 139.0970561504364, "_step": 9, "_wandb": {"runtime": 138}}