{"train_accuracy": 0.8838888888888888, "train_error": 0.44198994491653437, "val_accuracy": 0.8685, "val_error": 0.5517025612141507, "_timestamp": 1678154527.82363, "_runtime": 265.22939705848694, "_step": 9, "_wandb": {"runtime": 264}}