{"train_accuracy": 0.8565, "train_error": 0.6204443921496193, "val_accuracy": 0.8513333333333334, "val_error": 0.6593691204574008, "_timestamp": 1678171438.7817004, "_runtime": 235.08831334114075, "_step": 9, "_wandb": {"runtime": 234}}