{"train_accuracy": 0.8733333333333333, "train_error": 0.5134883055578944, "val_accuracy": 0.8648333333333333, "val_error": 0.5628106906894718, "_timestamp": 1678170730.4188898, "_runtime": 79.57555675506592, "_step": 9, "_wandb": {"runtime": 78}}