{"train_accuracy": 0.8788333333333334, "train_error": 0.46563308610554316, "val_accuracy": 0.8641666666666666, "val_error": 0.5664497778372676, "_timestamp": 1678536952.3464446, "_runtime": 109.27561855316162, "_step": 7, "_wandb": {"runtime": 108}}