{"train_accuracy": 0.8936481481481482, "train_error": 0.41694955950324436, "val_accuracy": 0.878, "val_error": 0.5020466275193376, "_timestamp": 1678521755.6707726, "_runtime": 97.26678562164307, "_step": 7, "_wandb": {"runtime": 96}}