{"train_accuracy": 0.9089074074074074, "train_error": 0.3430496746730995, "val_accuracy": 0.8923333333333333, "val_error": 0.439681864166468, "_timestamp": 1678524961.9287984, "_runtime": 105.82178950309753, "_step": 9, "_wandb": {"runtime": 104}}