{"train_accuracy": 0.867037037037037, "train_error": 0.5447542006561036, "val_accuracy": 0.8585, "val_error": 0.5793220436414971, "_timestamp": 1678136506.9625356, "_runtime": 162.64936757087708, "_step": 9, "_wandb": {"runtime": 161}}