{"train_accuracy": 0.8537407407407407, "train_error": 0.5813824903256398, "val_accuracy": 0.85, "val_error": 0.6018780631368242, "_timestamp": 1679111634.4716947, "_runtime": 171.59400868415833, "_step": 9, "_wandb": {"runtime": 170}}