{"train_accuracy": 0.9017222222222222, "train_error": 0.37878609254374124, "val_accuracy": 0.8886666666666667, "val_error": 0.44721177534132794, "_timestamp": 1678530988.6652787, "_runtime": 155.53259873390198, "_step": 9, "_wandb": {"runtime": 154}}