{"train_accuracy": 0.8581851851851852, "train_error": 0.20628210783074247, "val_accuracy": 0.8508333333333333, "val_error": 0.21500009120664315, "_timestamp": 1679135328.482992, "_runtime": 120.37556886672974, "_step": 9, "_wandb": {"runtime": 119}}