{"train_accuracy": 0.8880740740740741, "train_error": 0.43883839998802315, "val_accuracy": 0.8648333333333333, "val_error": 0.5420030959967332, "_timestamp": 1678537513.734306, "_runtime": 120.58806014060974, "_step": 9, "_wandb": {"runtime": 119}}