{"train_accuracy": 0.11368518518518518, "train_error": 3.4419784224783454, "val_accuracy": 0.11166666666666666, "val_error": 4.744763214500188, "_timestamp": 1679210540.9925086, "_runtime": 161.053457736969, "_step": 10, "my_conf_mat_id_table": {"_type": "table-file", "sha256": "dae5fd0d6dc213a0b37f595421da74cccdef0b33dbbe638dc77dbc3430055e4f", "size": 2913, "artifact_path": "wandb-client-artifact://rjw1fq51mst0ev8kiucflzeef5s8f33m2cpj9o2ggpeg32m6bfm8buaqgrz9qw27sljfs4w348q8gjb3fscux8e6bh84iqucrbq05ezfjhcw2yy43l14k4db08kx64v4:latest/my_conf_mat_id_table.table.json", "_latest_artifact_path": "wandb-client-artifact://rjw1fq51mst0ev8kiucflzeef5s8f33m2cpj9o2ggpeg32m6bfm8buaqgrz9qw27sljfs4w348q8gjb3fscux8e6bh84iqucrbq05ezfjhcw2yy43l14k4db08kx64v4:latest/my_conf_mat_id_table.table.json", "path": "media/table/my_conf_mat_id_table_10_dae5fd0d6dc213a0b37f.table.json", "ncols": 3, "nrows": 100}, "_wandb": {"runtime": 160}}