{"train_accuracy": 0.8500740740740741, "train_error": 0.6049526927450706, "val_accuracy": 0.8506666666666667, "val_error": 0.6117911421403817, "_timestamp": 1679227307.3201456, "_runtime": 36.74692249298096, "_step": 1, "_wandb": {"runtime": 40}}