{"train_accuracy": 0.8921851851851852, "train_error": 0.42380756530497027, "val_accuracy": 0.8858333333333334, "val_error": 0.46895896517217434, "_timestamp": 1678539611.372405, "_runtime": 97.011873960495, "_step": 7, "_wandb": {"runtime": 95}}