{"train_accuracy": 0.8726666666666667, "train_error": 0.4868715252035268, "val_accuracy": 0.8591666666666666, "val_error": 0.5711217219898925, "_timestamp": 1679142055.9292874, "_runtime": 116.6071515083313, "_step": 7, "_wandb": {"runtime": 115}}