{"train_accuracy": 0.8504814814814815, "train_error": 0.21334262250560132, "val_accuracy": 0.85, "val_error": 0.21637856826037713, "_timestamp": 1679074875.308519, "_runtime": 118.64047479629517, "_step": 4, "_wandb": {"runtime": 117}}