{"train_accuracy": 0.6651111111111111, "train_error": 1.2133591648072735, "val_accuracy": 0.67, "val_error": 1.2174573300783156, "_timestamp": 1678152409.4828079, "_runtime": 119.86563682556152, "_step": 9, "_wandb": {"runtime": 119}}