{"train_accuracy": 0.858, "train_error": 0.565366848306971, "val_accuracy": 0.8481666666666666, "val_error": 0.6200339969752163, "_timestamp": 1678527191.8612735, "_runtime": 103.17497253417969, "_step": 9, "_wandb": {"runtime": 102}}