{"train_accuracy": 0.7877037037037037, "train_error": 0.8378219153800194, "val_accuracy": 0.7885, "val_error": 0.8371977091131907, "_timestamp": 1679211100.6521559, "_runtime": 69.80410695075989, "_step": 8, "my_conf_mat_id_table": {"_type": "table-file", "sha256": "fd50ce8603fa569b14167ec24bf50ea8a367a9b908ef68b7300b5656fbd2d60c", "size": 2938, "artifact_path": "wandb-client-artifact://2urwrvg8iyurgz0m9pngr3k5pwqo70liovxh0u0v7vpyex16uvl7s0jh40i906wlmyqh9gdvb0pn1s4i3jq6jfqfpzmqr2wafe107gv6eej4oi6ilijyipe10q8y6jsa:latest/my_conf_mat_id_table.table.json", "_latest_artifact_path": "wandb-client-artifact://2urwrvg8iyurgz0m9pngr3k5pwqo70liovxh0u0v7vpyex16uvl7s0jh40i906wlmyqh9gdvb0pn1s4i3jq6jfqfpzmqr2wafe107gv6eej4oi6ilijyipe10q8y6jsa:latest/my_conf_mat_id_table.table.json", "path": "media/table/my_conf_mat_id_table_8_fd50ce8603fa569b1416.table.json", "ncols": 3, "nrows": 100}, "_wandb": {"runtime": 68}}