{"train_accuracy": 0.8761111111111111, "train_error": 0.49573286268293393, "val_accuracy": 0.87, "val_error": 0.5313521586632444, "_timestamp": 1678165261.238542, "_runtime": 239.4401330947876, "_step": 9, "_wandb": {"runtime": 238}}