{"train_accuracy": 0.8801296296296296, "train_error": 0.18314447953513763, "val_accuracy": 0.8575, "val_error": 0.22129494070785688, "_timestamp": 1679133796.977085, "_runtime": 107.45310306549072, "_step": 9, "_wandb": {"runtime": 105}}