{"train_accuracy": 0.9011481481481481, "train_error": 0.39024989359103723, "val_accuracy": 0.891, "val_error": 0.4517373343205641, "_timestamp": 1679110965.1446612, "_runtime": 120.61008524894714, "_step": 9, "_wandb": {"runtime": 119}}