{"train_accuracy": 0.8178148148148148, "train_error": 0.7868548872959407, "val_accuracy": 0.8051666666666667, "val_error": 0.8340210096569762, "_timestamp": 1678158890.358954, "_runtime": 86.92094588279724, "_step": 9, "_wandb": {"runtime": 86}}