{"train_accuracy": 0.8625925925925926, "train_error": 0.564247042794848, "val_accuracy": 0.8538333333333333, "val_error": 0.6006444455246872, "_timestamp": 1678164312.5541668, "_runtime": 86.52116370201111, "_step": 9, "_wandb": {"runtime": 85}}