{"train_accuracy": 0.7828148148148149, "train_error": 0.8275204301934413, "val_accuracy": 0.7838333333333334, "val_error": 0.8313161246407476, "_timestamp": 1678165001.392382, "_runtime": 168.19039487838745, "_step": 9, "_wandb": {"runtime": 167}}