{"train_accuracy": 0.8691851851851852, "train_error": 0.5229270164637875, "val_accuracy": 0.8656666666666667, "val_error": 0.5463180597847452, "_timestamp": 1679107471.5031183, "_runtime": 187.94993424415588, "_step": 9, "_wandb": {"runtime": 187}}