{"train_accuracy": 0.8608888888888889, "train_error": 0.5630826828753197, "val_accuracy": 0.8613333333333333, "val_error": 0.5813783527444878, "_timestamp": 1679081921.564266, "_runtime": 115.43636107444763, "_step": 9, "_wandb": {"runtime": 113}}