{"train_accuracy": 0.8735925925925926, "train_error": 0.48798311641084513, "val_accuracy": 0.8733333333333333, "val_error": 0.5193698302160376, "_timestamp": 1679096488.4531853, "_runtime": 59.96348524093628, "_step": 4, "_wandb": {"runtime": 59}}