{"train_accuracy": 0.8427037037037037, "train_error": 0.6373994116668356, "val_accuracy": 0.841, "val_error": 0.6487574173312204, "_timestamp": 1679087509.7016668, "_runtime": 100.1033387184143, "_step": 7, "_wandb": {"runtime": 99}}