{"train_accuracy": 0.8862592592592593, "train_error": 0.4501222812869243, "val_accuracy": 0.8716666666666667, "val_error": 0.4982809634851561, "_timestamp": 1679145042.8913813, "_runtime": 72.18317127227783, "_step": 7, "_wandb": {"runtime": 71}}