{"train_accuracy": 0.8849074074074074, "train_error": 0.443644648972538, "val_accuracy": 0.8678333333333333, "val_error": 0.5111766632139838, "_timestamp": 1679094745.2546082, "_runtime": 107.79203915596008, "_step": 7, "_wandb": {"runtime": 107}}