{"train_accuracy": 0.8959074074074074, "train_error": 0.15352237526128604, "val_accuracy": 0.88, "val_error": 0.17541871041715065, "_timestamp": 1679135627.843338, "_runtime": 277.2116720676422, "_step": 9, "_wandb": {"runtime": 270}}