{"train_accuracy": 0.8734074074074074, "train_error": 0.4911034182835964, "val_accuracy": 0.8706666666666667, "val_error": 0.5140311635031732, "_timestamp": 1679146809.9537961, "_runtime": 56.21784424781799, "_step": 4, "_wandb": {"runtime": 55}}