{"train_accuracy": 0.4696666666666667, "train_error": 1.8895493827980423, "val_accuracy": 0.475, "val_error": 1.872124489613226, "_timestamp": 1678137896.6724236, "_runtime": 187.41238069534302, "_step": 9, "_wandb": {"runtime": 186}}