{"train_accuracy": 0.8815740740740741, "train_error": 0.44356759800751544, "val_accuracy": 0.8511666666666666, "val_error": 0.6100981155216226, "_timestamp": 1679092183.9638174, "_runtime": 285.2366933822632, "_step": 9, "_wandb": {"runtime": 284}}