{"train_accuracy": 0.8920555555555556, "train_error": 0.409421955914502, "val_accuracy": 0.8775, "val_error": 0.502927414871569, "_timestamp": 1679139180.247947, "_runtime": 162.2672438621521, "_step": 7, "_wandb": {"runtime": 161}}