{"train_accuracy": 0.8587222222222223, "train_error": 0.5664441448122768, "val_accuracy": 0.842, "val_error": 0.636723348175251, "_timestamp": 1678527376.1025078, "_runtime": 147.59384083747864, "_step": 9, "_wandb": {"runtime": 146}}