{"train_accuracy": 0.8887962962962963, "train_error": 0.4321322838138836, "val_accuracy": 0.875, "val_error": 0.5041493305623491, "_timestamp": 1679111822.4139385, "_runtime": 98.22685146331787, "_step": 9, "_wandb": {"runtime": 97}}