{"train_accuracy": 0.5401666666666667, "train_error": 0.6470855876715538, "val_accuracy": 0.5321666666666667, "val_error": 0.650671951137342, "_timestamp": 1679073250.4469953, "_runtime": 94.99465417861938, "_step": 9, "_wandb": {"runtime": 94}}