{"train_accuracy": 0.8728148148148148, "train_error": 0.5047676048736881, "val_accuracy": 0.8713333333333333, "val_error": 0.5255775867678992, "_timestamp": 1679164838.6428561, "_runtime": 56.1678581237793, "_step": 4, "_wandb": {"runtime": 62}}