{"train_accuracy": 0.8437777777777777, "train_error": 0.631600262711524, "val_accuracy": 0.8415, "val_error": 0.646905965854642, "_timestamp": 1678125297.8993485, "_runtime": 288.4917085170746, "_step": 4, "_wandb": {"runtime": 288}}