{"train_accuracy": 0.8860185185185185, "train_error": 0.4380203525657064, "val_accuracy": 0.8765, "val_error": 0.512506493917952, "_timestamp": 1679085220.3132997, "_runtime": 173.8402636051178, "_step": 7, "_wandb": {"runtime": 173}}