{"train_accuracy": 0.8383148148148148, "train_error": 0.6689790157272073, "val_accuracy": 0.8378333333333333, "val_error": 0.6754380668547517, "_timestamp": 1679212581.9000916, "_runtime": 110.86258554458618, "_step": 8, "my_conf_mat_id_table": {"_type": "table-file", "sha256": "2bc8eecc254c228e06f4c7d4b2f94838a2f8ab71f1d107f872a3e5c07ddb4871", "size": 2939, "artifact_path": "wandb-client-artifact://smkajb88vc5lsb66trn4qcdkk2hvgsxnlwuatpeie0g2xxvvcouvxt9ldd7919tg56ium5pmlns5sb5t5ogjkxjy9ym7oskkgdkg2tfo2hc6mo34su19dbvp1ojzc8zy:latest/my_conf_mat_id_table.table.json", "_latest_artifact_path": "wandb-client-artifact://smkajb88vc5lsb66trn4qcdkk2hvgsxnlwuatpeie0g2xxvvcouvxt9ldd7919tg56ium5pmlns5sb5t5ogjkxjy9ym7oskkgdkg2tfo2hc6mo34su19dbvp1ojzc8zy:latest/my_conf_mat_id_table.table.json", "path": "media/table/my_conf_mat_id_table_8_2bc8eecc254c228e06f4.table.json", "ncols": 3, "nrows": 100}, "_wandb": {"runtime": 113}}