{"train_accuracy": 0.8357777777777777, "train_error": 0.2348004592617423, "val_accuracy": 0.8325, "val_error": 0.23811757526339228, "_timestamp": 1679134644.5761342, "_runtime": 61.23512029647827, "_step": 7, "_wandb": {"runtime": 60}}