{"train_accuracy": 0.8400185185185185, "train_error": 0.23257898260492682, "val_accuracy": 0.8151666666666667, "val_error": 0.2665986362800797, "_timestamp": 1679074514.3221009, "_runtime": 50.32399296760559, "_step": 4, "_wandb": {"runtime": 49}}