{"train_accuracy": 0.8953888888888889, "train_error": 0.4138966032598703, "val_accuracy": 0.882, "val_error": 0.4709780637828482, "_timestamp": 1679099912.6198497, "_runtime": 63.93886971473694, "_step": 7, "_wandb": {"runtime": 63}}