{"train_accuracy": 0.8285740740740741, "train_error": 0.6975781975134627, "val_accuracy": 0.8343333333333334, "val_error": 0.6972943592919226, "_timestamp": 1679225446.4754174, "_runtime": 19.728323459625244, "_step": 0, "_wandb": {"runtime": 26}}