{"train_accuracy": 0.7883703703703704, "train_error": 0.30033424327163105, "val_accuracy": 0.7883333333333333, "val_error": 0.30248864199370984, "_timestamp": 1679071392.8996794, "_runtime": 41.99697732925415, "_step": 4, "_wandb": {"runtime": 40}}