{"train_accuracy": 0.8496851851851852, "train_error": 0.6089627923201025, "val_accuracy": 0.8455, "val_error": 0.6341692859490043, "_timestamp": 1679083771.4109411, "_runtime": 57.60693001747131, "_step": 4, "_wandb": {"runtime": 56}}