{"train_accuracy": 0.8871666666666667, "train_error": 0.4337039215215417, "val_accuracy": 0.8768333333333334, "val_error": 0.490405839397483, "_timestamp": 1678551240.2568755, "_runtime": 133.61733150482178, "_step": 7, "_wandb": {"runtime": 132}}