{"train_accuracy": 0.871537037037037, "train_error": 0.18727467263276268, "val_accuracy": 0.8628333333333333, "val_error": 0.19711711511130128, "_timestamp": 1679132995.2712197, "_runtime": 105.36106276512146, "_step": 9, "_wandb": {"runtime": 103}}