{"train_accuracy": 0.879537037037037, "train_error": 0.46790918320653063, "val_accuracy": 0.8586666666666667, "val_error": 0.5559414590670709, "_timestamp": 1679101378.896609, "_runtime": 81.14771604537964, "_step": 9, "_wandb": {"runtime": 80}}