{"train_accuracy": 0.8767222222222222, "train_error": 0.4769476084495095, "val_accuracy": 0.8513333333333334, "val_error": 0.6197228974289567, "_timestamp": 1679140298.0019894, "_runtime": 114.82264447212219, "_step": 7, "_wandb": {"runtime": 112}}