{"train_accuracy": 0.8587592592592592, "train_error": 0.5454130910474311, "val_accuracy": 0.8505, "val_error": 0.5983206468932983, "_timestamp": 1679080129.189753, "_runtime": 73.75743699073792, "_step": 4, "_wandb": {"runtime": 72}}