{"train_accuracy": 0.8929259259259259, "train_error": 0.41372119616601466, "val_accuracy": 0.8788333333333334, "val_error": 0.5079821063878835, "_timestamp": 1679103730.7873425, "_runtime": 122.41336250305176, "_step": 9, "_wandb": {"runtime": 121}}