{"train_accuracy": 0.8776666666666667, "train_error": 0.4755477808728192, "val_accuracy": 0.8728333333333333, "val_error": 0.51423365503138, "_timestamp": 1679090652.0139797, "_runtime": 91.98749661445618, "_step": 4, "_wandb": {"runtime": 91}}