{"train_accuracy": 0.8869074074074074, "train_error": 0.44039153474717535, "val_accuracy": 0.8791666666666667, "val_error": 0.49109306319576407, "_timestamp": 1678141635.5013177, "_runtime": 289.4160168170929, "_step": 9, "_wandb": {"runtime": 288}}