{"train_accuracy": 0.8060925925925926, "train_error": 0.7901249413511705, "val_accuracy": 0.8041666666666667, "val_error": 0.7901407425361262, "_timestamp": 1679139468.3700118, "_runtime": 106.96958684921265, "_step": 7, "_wandb": {"runtime": 106}}