{"train_accuracy": 0.8706111111111111, "train_error": 0.5159412704753665, "val_accuracy": 0.8668333333333333, "val_error": 0.539498218350385, "_timestamp": 1679111161.284104, "_runtime": 178.01381516456604, "_step": 9, "_wandb": {"runtime": 177}}