{"train_accuracy": 0.8998518518518519, "train_error": 0.38224215448787585, "val_accuracy": 0.8865, "val_error": 0.46225028308796723, "_timestamp": 1678538511.0817897, "_runtime": 120.64597368240356, "_step": 9, "_wandb": {"runtime": 119}}