{"train_accuracy": 0.8799259259259259, "train_error": 0.45193952353568, "val_accuracy": 0.867, "val_error": 0.552555714551751, "_timestamp": 1678144432.9853435, "_runtime": 115.7204315662384, "_step": 9, "_wandb": {"runtime": 115}}