{"train_accuracy": 0.8955740740740741, "train_error": 0.3984205825326548, "val_accuracy": 0.8848333333333334, "val_error": 0.46211126191308505, "_timestamp": 1678551827.2192202, "_runtime": 149.47873520851135, "_step": 9, "_wandb": {"runtime": 148}}