{"train_accuracy": 0.8551481481481481, "train_error": 0.5887413644039025, "val_accuracy": 0.8486666666666667, "val_error": 0.6255197457172489, "_timestamp": 1678158784.3661869, "_runtime": 125.79085278511047, "_step": 9, "_wandb": {"runtime": 125}}