{"train_accuracy": 0.8925740740740741, "train_error": 0.4138301175706084, "val_accuracy": 0.877, "val_error": 0.5010434835881685, "_timestamp": 1679147974.9954076, "_runtime": 119.91893148422241, "_step": 7, "_wandb": {"runtime": 119}}