{"train_accuracy": 0.8543148148148149, "train_error": 0.6002213987286025, "val_accuracy": 0.8443333333333334, "val_error": 0.6266816147896906, "_timestamp": 1678153345.979161, "_runtime": 125.71747493743896, "_step": 9, "_wandb": {"runtime": 124}}