{"train_accuracy": 0.851, "train_error": 0.6695889004174972, "val_accuracy": 0.8495, "val_error": 0.8428400448623323, "_timestamp": 1679079648.7342966, "_runtime": 51.90003848075867, "_step": 4, "_wandb": {"runtime": 51}}