{"train_accuracy": 0.8948518518518519, "train_error": 0.41662690911787387, "val_accuracy": 0.8793333333333333, "val_error": 0.4829389586839606, "_timestamp": 1678528579.0182717, "_runtime": 104.31001377105713, "_step": 9, "_wandb": {"runtime": 103}}