{"train_accuracy": 0.89, "train_error": 0.4388175781299221, "val_accuracy": 0.8765, "val_error": 0.494732923684804, "_timestamp": 1679095857.4321275, "_runtime": 111.08637237548828, "_step": 9, "_wandb": {"runtime": 110}}