{"train_accuracy": 0.8894814814814814, "train_error": 0.42420592734728296, "val_accuracy": 0.8556666666666667, "val_error": 0.5831994020683848, "_timestamp": 1678533415.1857564, "_runtime": 127.29185652732849, "_step": 9, "_wandb": {"runtime": 125}}