{"train_accuracy": 0.8127222222222222, "train_error": 0.2790382283187521, "val_accuracy": 0.8076666666666666, "val_error": 0.2856621322703354, "_timestamp": 1679132188.1779785, "_runtime": 74.0645124912262, "_step": 9, "_wandb": {"runtime": 73}}