{"train_accuracy": 0.8676851851851852, "train_error": 0.5534850022534442, "val_accuracy": 0.8583333333333333, "val_error": 0.5886455181364356, "_timestamp": 1678147982.6800609, "_runtime": 129.24802684783936, "_step": 9, "_wandb": {"runtime": 128}}