{"train_accuracy": 0.09938888888888889, "train_error": 3.3243884719137924, "val_accuracy": 0.1055, "val_error": 3.32430685880694, "_timestamp": 1678126598.2535083, "_runtime": 53.308080434799194, "_step": 4, "_wandb": {"runtime": 51}}