{"train_accuracy": 0.8517592592592592, "train_error": 0.6072221505351088, "val_accuracy": 0.8501666666666666, "val_error": 0.6234238476145681, "_timestamp": 1678539302.0871203, "_runtime": 124.69910025596619, "_step": 9, "_wandb": {"runtime": 123}}