{"train_accuracy": 0.9032777777777777, "train_error": 0.3715071683098633, "val_accuracy": 0.8856666666666667, "val_error": 0.4680695070073522, "_timestamp": 1679108260.7653558, "_runtime": 198.10371375083923, "_step": 9, "_wandb": {"runtime": 197}}