{"train_accuracy": 0.8753333333333333, "train_error": 0.5004110661725483, "val_accuracy": 0.8651666666666666, "val_error": 0.5380965888011818, "_timestamp": 1679101904.573181, "_runtime": 109.86974883079529, "_step": 9, "_wandb": {"runtime": 109}}