{"train_accuracy": 0.3460740740740741, "train_error": 2.231809549848082, "val_accuracy": 0.3411666666666667, "val_error": 2.2335739493466016, "_timestamp": 1678166451.510717, "_runtime": 171.75931882858276, "_step": 9, "_wandb": {"runtime": 170}}