{"train_accuracy": 0.8668518518518519, "train_error": 0.5277138958793987, "val_accuracy": 0.8655, "val_error": 0.5600277065702294, "_timestamp": 1678152957.827728, "_runtime": 266.2351269721985, "_step": 9, "_wandb": {"runtime": 265}}