{"train_accuracy": 0.8861481481481481, "train_error": 0.4467261442054628, "val_accuracy": 0.8778333333333334, "val_error": 0.4994420895153014, "_timestamp": 1678530529.1202998, "_runtime": 70.70255589485168, "_step": 9, "_wandb": {"runtime": 69}}