{"train_accuracy": 0.7529259259259259, "train_error": 0.3296115788927302, "val_accuracy": 0.7263333333333334, "val_error": 0.36402456011004347, "_timestamp": 1679077582.6075366, "_runtime": 223.61886143684387, "_step": 7, "_wandb": {"runtime": 222}}