{"train_accuracy": 0.9012592592592592, "train_error": 0.38305797734217756, "val_accuracy": 0.8766666666666667, "val_error": 0.5483519891664874, "_timestamp": 1679088583.1984084, "_runtime": 171.5486924648285, "_step": 9, "_wandb": {"runtime": 170}}